{
    "client": "Thunder Client",
    "collectionName": "CoP Server",
    "dateExported": "2023-05-13T06:39:02.614Z",
    "version": "1.1",
    "folders": [
        {
            "_id": "947eefec-65ba-43e4-a952-c6cec12b0bc5",
            "name": "User",
            "containerId": "",
            "created": "2023-05-01T12:15:35.654Z",
            "sortNum": 10000
        },
        {
            "_id": "de049c20-2118-44ee-982e-c73522466e17",
            "name": "Member",
            "containerId": "",
            "created": "2023-05-01T12:15:35.655Z",
            "sortNum": 20000
        },
        {
            "_id": "cdb3309c-4cdf-4fdc-8621-cc72613aa0fb",
            "name": "Committee",
            "containerId": "",
            "created": "2023-05-01T12:15:35.656Z",
            "sortNum": 30000
        },
        {
            "_id": "08928ac4-9c6d-43dd-b253-9f7e2b047df6",
            "name": "Admin",
            "containerId": "",
            "created": "2023-05-01T12:15:35.657Z",
            "sortNum": 40000
        },
        {
            "_id": "a4fedde2-68a9-4bb7-bb8f-30b018aa56f4",
            "name": "Business",
            "containerId": "",
            "created": "2023-05-04T16:37:34.210Z",
            "sortNum": 45000
        },
        {
            "_id": "288fbc6b-e0dd-4195-840b-864677009a6e",
            "name": "Deposit",
            "containerId": "",
            "created": "2023-05-01T13:47:44.939Z",
            "sortNum": 50000
        },
        {
            "_id": "28934564-ac97-40f8-9123-09d32841c32a",
            "name": "Withdraw",
            "containerId": "",
            "created": "2023-05-02T11:28:50.269Z",
            "sortNum": 60000
        },
        {
            "_id": "9186546e-8195-4262-b61d-d49146896ced",
            "name": "Investment",
            "containerId": "",
            "created": "2023-05-03T16:02:17.865Z",
            "sortNum": 90000
        },
        {
            "_id": "83504fb5-d7cc-4509-b06a-92c09f694284",
            "name": "Expense",
            "containerId": "",
            "created": "2023-05-06T15:44:02.163Z",
            "sortNum": 95000
        },
        {
            "_id": "e7c6457e-41c2-4beb-a857-8074bb4617dc",
            "name": "Profit",
            "containerId": "",
            "created": "2023-05-09T10:53:39.883Z",
            "sortNum": 97500
        },
        {
            "_id": "cbaf57b3-7f34-4703-b5f2-2c5eb88e28ec",
            "name": "Account Balance",
            "containerId": "",
            "created": "2023-05-05T19:02:50.553Z",
            "sortNum": 100000
        }
    ],
    "requests": [
        {
            "_id": "615bb65b-da9b-45b6-89f9-64380b8e8231",
            "colId": "d4cc0172-8a2c-40a7-842d-df27aaec6ee5",
            "containerId": "947eefec-65ba-43e4-a952-c6cec12b0bc5",
            "name": "Home - CoP",
            "url": "{{cop}}/",
            "method": "GET",
            "sortNum": 10000,
            "created": "2023-05-01T12:15:35.655Z",
            "modified": "2023-05-01T12:15:35.655Z",
            "headers": [],
            "params": [],
            "body": {
                "type": "json",
                "raw": "{\n  \"email\":\"nirimonpcx@gmail.com\",\n  \"password\":\"Nurul@123\",\n  \"memberCopID\":\"COP001NI\"\n}",
                "form": []
            },
            "tests": []
        },
        {
            "_id": "5ece6e60-85f2-4bd3-b593-955be6d59059",
            "colId": "d4cc0172-8a2c-40a7-842d-df27aaec6ee5",
            "containerId": "de049c20-2118-44ee-982e-c73522466e17",
            "name": "add new member- cop",
            "url": "{{cop}}/api/v1/members/addnew",
            "method": "POST",
            "sortNum": 10000,
            "created": "2023-05-01T12:15:35.656Z",
            "modified": "2023-05-13T05:35:23.633Z",
            "headers": [],
            "params": [],
            "body": {
                "type": "json",
                "raw": "{ \n  \"name\":\"Mahbubur Rahman Shanto\"\n}",
                "form": []
            },
            "auth": {
                "type": "bearer",
                "bearer": "eyJhbGciOiJIUzI1NiIsInR5cCI6IkpXVCJ9.eyJlbWFpbCI6Im5pcmltb25AZ21haWwuY29tIiwicm9sZSI6ImFkbWluIiwibWVtYmVyQ29wSUQiOiJDT1AwMDFOSSIsInN0YXR1cyI6ImFjdGl2ZSIsImlhdCI6MTY4Mzk1NTMwMCwiZXhwIjoxNjg0MDQxNzAwfQ.fwugBU24UQle2LWCk2UmXPfJJ0hyLTEoLOi8yvBjq1U"
            },
            "tests": []
        },
        {
            "_id": "111566e4-4603-4b76-981a-5c35517ceb84",
            "colId": "d4cc0172-8a2c-40a7-842d-df27aaec6ee5",
            "containerId": "cdb3309c-4cdf-4fdc-8621-cc72613aa0fb",
            "name": "add committee - cop",
            "url": "{{cop}}/api/v1/committee",
            "method": "POST",
            "sortNum": 10000,
            "created": "2023-05-01T12:15:35.657Z",
            "modified": "2023-05-04T13:42:14.597Z",
            "headers": [],
            "params": [],
            "body": {
                "type": "json",
                "raw": "{\n  \"members\":[\n    {\n  \"role\":\"director\",\n  \"id\":\"6453b5958a5dba562bf827b3\"\n},\n{ \n  \"role\":\"director\",\n  \"id\":\"6453b5a28a5dba562bf827b7\"\n}\n],\n  \"committeeElectedOn\":\"2023-05-10\"\n}",
                "form": []
            },
            "auth": {
                "type": "bearer",
                "bearer": "eyJhbGciOiJIUzI1NiIsInR5cCI6IkpXVCJ9.eyJlbWFpbCI6Im5pcmltb25AZ21haWwuY29tIiwicm9sZSI6ImFkbWluIiwibWVtYmVyQ29wSUQiOiJDT1AwMDFOSSIsInN0YXR1cyI6ImFjdGl2ZSIsImlhdCI6MTY4MzIwNzQwMCwiZXhwIjoxNjgzMjkzODAwfQ.WqD2nup2IFcIGHbiP3oH4VW4VBCDm-NBJ_Gr_RwlXxk"
            },
            "tests": []
        },
        {
            "_id": "934a36f1-bf87-486b-bed3-0ee0c3751d09",
            "colId": "d4cc0172-8a2c-40a7-842d-df27aaec6ee5",
            "containerId": "08928ac4-9c6d-43dd-b253-9f7e2b047df6",
            "name": "get all admin - cop",
            "url": "{{cop}}/api/v1/admin/all",
            "method": "GET",
            "sortNum": 10000,
            "created": "2023-05-01T12:15:35.658Z",
            "modified": "2023-05-04T13:44:53.947Z",
            "headers": [],
            "params": [],
            "body": {
                "type": "json",
                "raw": "{\n  \"role\":\"director\",\n  \"id\":\"644e91a0f83489f21854ce04\"\n}",
                "form": []
            },
            "auth": {
                "type": "bearer",
                "bearer": "eyJhbGciOiJIUzI1NiIsInR5cCI6IkpXVCJ9.eyJlbWFpbCI6Im5pcmltb25AZ21haWwuY29tIiwicm9sZSI6ImFkbWluIiwibWVtYmVyQ29wSUQiOiJDT1AwMDFOSSIsInN0YXR1cyI6ImFjdGl2ZSIsImlhdCI6MTY4MzIwNzgxNCwiZXhwIjoxNjgzMjk0MjE0fQ.LwS1-u7WLlZIHtPlr8nak41TqzcmLixl75R6PTOKKZA"
            },
            "tests": []
        },
        {
            "_id": "6b1aa42f-b70c-406d-9975-6a755956c776",
            "colId": "d4cc0172-8a2c-40a7-842d-df27aaec6ee5",
            "containerId": "288fbc6b-e0dd-4195-840b-864677009a6e",
            "name": "add new deposit - cop",
            "url": "{{cop}}/api/v1/finance/deposit/add",
            "method": "POST",
            "sortNum": 10000,
            "created": "2023-05-01T13:47:34.142Z",
            "modified": "2023-05-13T05:43:37.807Z",
            "headers": [],
            "params": [],
            "body": {
                "type": "json",
                "raw": "{\n  \"depositorId\":\"645f21675fad08e0261280a9\",\n  \"depositAmount\":2500,\n  \"collectorId\":\"645f219b5fad08e0261280ad\"\n}",
                "form": []
            },
            "auth": {
                "type": "bearer",
                "bearer": "eyJhbGciOiJIUzI1NiIsInR5cCI6IkpXVCJ9.eyJlbWFpbCI6Im5pcmltb25AZ21haWwuY29tIiwicm9sZSI6ImFkbWluIiwibWVtYmVyQ29wSUQiOiJDT1AwMDFOSSIsInN0YXR1cyI6ImFjdGl2ZSIsImlhdCI6MTY4Mzk1NTMwMCwiZXhwIjoxNjg0MDQxNzAwfQ.fwugBU24UQle2LWCk2UmXPfJJ0hyLTEoLOi8yvBjq1U"
            },
            "tests": []
        },
        {
            "_id": "cfd44186-3f89-48ab-bc84-80bc40d5613f",
            "colId": "d4cc0172-8a2c-40a7-842d-df27aaec6ee5",
            "containerId": "28934564-ac97-40f8-9123-09d32841c32a",
            "name": "add new withdraw - cop",
            "url": "{{cop}}/api/v1/finance/withdraw/add",
            "method": "POST",
            "sortNum": 10000,
            "created": "2023-05-02T11:28:50.269Z",
            "modified": "2023-05-13T06:14:02.854Z",
            "headers": [],
            "params": [],
            "body": {
                "type": "json",
                "raw": "{\n  \"withdrawerId\":\"645f1e235fad08e02612809e\",\n  \"withdrawAmount\":1,\n  \"witnessId\":\"645f219b5fad08e0261280ad\",\n  \"withdrawDate\":\"2023-05-10\"\n}",
                "form": []
            },
            "auth": {
                "type": "bearer",
                "bearer": "eyJhbGciOiJIUzI1NiIsInR5cCI6IkpXVCJ9.eyJlbWFpbCI6Im5pcmltb25AZ21haWwuY29tIiwicm9sZSI6ImFkbWluIiwibWVtYmVyQ29wSUQiOiJDT1AwMDFOSSIsInN0YXR1cyI6ImFjdGl2ZSIsImlhdCI6MTY4Mzk1NTMwMCwiZXhwIjoxNjg0MDQxNzAwfQ.fwugBU24UQle2LWCk2UmXPfJJ0hyLTEoLOi8yvBjq1U"
            },
            "tests": []
        },
        {
            "_id": "2f0c89cf-867e-446a-b103-e405f3f386aa",
            "colId": "d4cc0172-8a2c-40a7-842d-df27aaec6ee5",
            "containerId": "9186546e-8195-4262-b61d-d49146896ced",
            "name": "add new investment - cop",
            "url": "{{cop}}/api/v1/finance/investment/add",
            "method": "POST",
            "sortNum": 10000,
            "created": "2023-05-03T16:02:17.865Z",
            "modified": "2023-05-13T06:29:20.831Z",
            "headers": [],
            "params": [],
            "body": {
                "type": "json",
                "raw": "{\n  \"businessId\":\"645f24c55fad08e02612813f\",\n  \"investmentAmount\":3000,\n  \"investmentDate\":\"2022-11-10\"\n}",
                "form": []
            },
            "auth": {
                "type": "bearer",
                "bearer": "eyJhbGciOiJIUzI1NiIsInR5cCI6IkpXVCJ9.eyJlbWFpbCI6Im5pcmltb25AZ21haWwuY29tIiwicm9sZSI6ImFkbWluIiwibWVtYmVyQ29wSUQiOiJDT1AwMDFOSSIsInN0YXR1cyI6ImFjdGl2ZSIsImlhdCI6MTY4Mzk1NTMwMCwiZXhwIjoxNjg0MDQxNzAwfQ.fwugBU24UQle2LWCk2UmXPfJJ0hyLTEoLOi8yvBjq1U"
            },
            "tests": []
        },
        {
            "_id": "65783b6a-c977-49ff-8a57-5af5e795f91d",
            "colId": "d4cc0172-8a2c-40a7-842d-df27aaec6ee5",
            "containerId": "a4fedde2-68a9-4bb7-bb8f-30b018aa56f4",
            "name": "add new business- cop",
            "url": "{{cop}}/api/v1/business/add",
            "method": "POST",
            "sortNum": 10000,
            "created": "2023-05-04T16:37:34.210Z",
            "modified": "2023-05-13T05:48:53.686Z",
            "headers": [],
            "params": [],
            "body": {
                "type": "json",
                "raw": "{ \n  \"businessName\":\"New Dealer\",\n  \"managerName\":\"Ridhoy\",\n  \"contactNumber\":\"01850711231\"\n}",
                "form": []
            },
            "auth": {
                "type": "bearer",
                "bearer": "eyJhbGciOiJIUzI1NiIsInR5cCI6IkpXVCJ9.eyJlbWFpbCI6Im5pcmltb25AZ21haWwuY29tIiwicm9sZSI6ImFkbWluIiwibWVtYmVyQ29wSUQiOiJDT1AwMDFOSSIsInN0YXR1cyI6ImFjdGl2ZSIsImlhdCI6MTY4Mzk1NTMwMCwiZXhwIjoxNjg0MDQxNzAwfQ.fwugBU24UQle2LWCk2UmXPfJJ0hyLTEoLOi8yvBjq1U"
            },
            "tests": []
        },
        {
            "_id": "074f88dc-d4d3-49cb-bde8-a601e3dd8cf7",
            "colId": "d4cc0172-8a2c-40a7-842d-df27aaec6ee5",
            "containerId": "83504fb5-d7cc-4509-b06a-92c09f694284",
            "name": "add new expense - cop",
            "url": "{{cop}}/api/v1/finance/expense/add",
            "method": "POST",
            "sortNum": 10000,
            "created": "2023-05-06T15:44:02.163Z",
            "modified": "2023-05-07T08:17:26.737Z",
            "headers": [],
            "params": [],
            "body": {
                "type": "json",
                "raw": "{\n  \"purposeOfExpense\":\"Form\",\n  \"expenseAmount\":200\n}",
                "form": []
            },
            "auth": {
                "type": "bearer",
                "bearer": "eyJhbGciOiJIUzI1NiIsInR5cCI6IkpXVCJ9.eyJlbWFpbCI6Im5pcmltb25AZ21haWwuY29tIiwicm9sZSI6ImFkbWluIiwibWVtYmVyQ29wSUQiOiJDT1AwMDFOSSIsInN0YXR1cyI6ImFjdGl2ZSIsImlhdCI6MTY4MzM4OTM3OCwiZXhwIjoxNjgzNDc1Nzc4fQ.YULYOJT8S9v0DXHe6qx0oYKqDryXttDDvIt3B5m2PQI"
            },
            "tests": []
        },
        {
            "_id": "bb8e681e-adf1-48a6-9d49-d5ad27168c34",
            "colId": "d4cc0172-8a2c-40a7-842d-df27aaec6ee5",
            "containerId": "e7c6457e-41c2-4beb-a857-8074bb4617dc",
            "name": "add new profit- cop",
            "url": "{{cop}}/api/v1/finance/profit/add",
            "method": "POST",
            "sortNum": 10000,
            "created": "2023-05-09T10:53:39.883Z",
            "modified": "2023-05-13T06:30:03.019Z",
            "headers": [],
            "params": [],
            "body": {
                "type": "json",
                "raw": "{\n  \"profitAmount\":300,\n  \"businessId\":\"645f24c55fad08e02612813f\"\n}",
                "form": []
            },
            "auth": {
                "type": "bearer",
                "bearer": "eyJhbGciOiJIUzI1NiIsInR5cCI6IkpXVCJ9.eyJlbWFpbCI6Im5pcmltb25AZ21haWwuY29tIiwicm9sZSI6ImFkbWluIiwibWVtYmVyQ29wSUQiOiJDT1AwMDFOSSIsInN0YXR1cyI6ImFjdGl2ZSIsImlhdCI6MTY4Mzk1NTMwMCwiZXhwIjoxNjg0MDQxNzAwfQ.fwugBU24UQle2LWCk2UmXPfJJ0hyLTEoLOi8yvBjq1U"
            },
            "tests": []
        },
        {
            "_id": "497751b2-e78c-4248-8f4b-2cf46f83abf0",
            "colId": "d4cc0172-8a2c-40a7-842d-df27aaec6ee5",
            "containerId": "a4fedde2-68a9-4bb7-bb8f-30b018aa56f4",
            "name": "Info of a business- cop",
            "url": "{{cop}}/api/v1/business/644a8c7232f9848d319d7b73",
            "method": "GET",
            "sortNum": 15000,
            "created": "2023-05-04T16:37:34.214Z",
            "modified": "2023-05-04T18:12:11.810Z",
            "headers": [],
            "params": [],
            "body": {
                "type": "json",
                "raw": "{ \n  \"name\":\"nurul islam rimon\",\n  \"fatherName\":\"Noor Nabi\"\n}",
                "form": []
            },
            "auth": {
                "type": "bearer",
                "bearer": "eyJhbGciOiJIUzI1NiIsInR5cCI6IkpXVCJ9.eyJlbWFpbCI6Im5pcmltb25AZ21haWwuY29tIiwicm9sZSI6ImFkbWluIiwibWVtYmVyQ29wSUQiOiJDT1AwMDFOSSIsInN0YXR1cyI6ImFjdGl2ZSIsImlhdCI6MTY4MzIwNzgxNCwiZXhwIjoxNjgzMjk0MjE0fQ.LwS1-u7WLlZIHtPlr8nak41TqzcmLixl75R6PTOKKZA"
            },
            "tests": []
        },
        {
            "_id": "29b8db52-e7d7-4ff6-a3d7-ebbde0964dd9",
            "colId": "d4cc0172-8a2c-40a7-842d-df27aaec6ee5",
            "containerId": "947eefec-65ba-43e4-a952-c6cec12b0bc5",
            "name": "signup - cop",
            "url": "{{cop}}/api/v1/users/signup",
            "method": "POST",
            "sortNum": 20000,
            "created": "2023-05-01T12:15:35.659Z",
            "modified": "2023-05-13T05:21:40.978Z",
            "headers": [],
            "params": [],
            "body": {
                "type": "json",
                "raw": "{\n  \"memberCopID\":\"COP001NI\",\n  \"email\":\"nirimon@gmail.com\",\n  \"password\":\"Nurul@123\"\n}",
                "form": []
            },
            "tests": []
        },
        {
            "_id": "e26626a8-c691-4929-93e1-72951c1cf179",
            "colId": "d4cc0172-8a2c-40a7-842d-df27aaec6ee5",
            "containerId": "de049c20-2118-44ee-982e-c73522466e17",
            "name": "update member- cop",
            "url": "{{cop}}/api/v1/members/6453e868ecbea5e852df64c0",
            "method": "PATCH",
            "sortNum": 20000,
            "created": "2023-05-01T12:15:35.660Z",
            "modified": "2023-05-04T17:49:11.425Z",
            "headers": [],
            "params": [],
            "body": {
                "type": "json",
                "raw": "{ \n  \"name\":\"Johir\",\n  \"fatherName\":\"Noor Nabi\"\n}",
                "form": []
            },
            "auth": {
                "type": "bearer",
                "bearer": "eyJhbGciOiJIUzI1NiIsInR5cCI6IkpXVCJ9.eyJlbWFpbCI6Im5pcmltb25AZ21haWwuY29tIiwicm9sZSI6ImFkbWluIiwibWVtYmVyQ29wSUQiOiJDT1AwMDFOSSIsInN0YXR1cyI6ImFjdGl2ZSIsImlhdCI6MTY4MzIwNzgxNCwiZXhwIjoxNjgzMjk0MjE0fQ.LwS1-u7WLlZIHtPlr8nak41TqzcmLixl75R6PTOKKZA"
            },
            "tests": []
        },
        {
            "_id": "717e12b4-d4ed-4722-b0f9-59ff5b6047ff",
            "colId": "d4cc0172-8a2c-40a7-842d-df27aaec6ee5",
            "containerId": "cdb3309c-4cdf-4fdc-8621-cc72613aa0fb",
            "name": "update committee add member - cop",
            "url": "{{cop}}/api/v1/committee/addmember",
            "method": "PATCH",
            "sortNum": 20000,
            "created": "2023-05-01T12:15:35.661Z",
            "modified": "2023-05-04T13:46:56.819Z",
            "headers": [],
            "params": [],
            "body": {
                "type": "json",
                "raw": "{\n  \"role\":\"collector\",\n  \"id\":\"6453b5cb8a5dba562bf827c3\"\n}",
                "form": []
            },
            "auth": {
                "type": "bearer",
                "bearer": "eyJhbGciOiJIUzI1NiIsInR5cCI6IkpXVCJ9.eyJlbWFpbCI6Im5pcmltb25AZ21haWwuY29tIiwicm9sZSI6ImFkbWluIiwibWVtYmVyQ29wSUQiOiJDT1AwMDFOSSIsInN0YXR1cyI6ImFjdGl2ZSIsImlhdCI6MTY4MzIwNzgxNCwiZXhwIjoxNjgzMjk0MjE0fQ.LwS1-u7WLlZIHtPlr8nak41TqzcmLixl75R6PTOKKZA"
            },
            "tests": []
        },
        {
            "_id": "3cd76a58-0644-494e-8a5e-6f71c3939fa2",
            "colId": "d4cc0172-8a2c-40a7-842d-df27aaec6ee5",
            "containerId": "08928ac4-9c6d-43dd-b253-9f7e2b047df6",
            "name": "add new admin - cop",
            "url": "{{cop}}/api/v1/admin/6453b5b28a5dba562bf827bb",
            "method": "POST",
            "sortNum": 20000,
            "created": "2023-05-01T12:15:35.662Z",
            "modified": "2023-05-04T13:45:25.768Z",
            "headers": [],
            "params": [],
            "body": {
                "type": "json",
                "raw": "{\n  \"role\":\"director\",\n  \"id\":\"644e91a0f83489f21854ce04\"\n}",
                "form": []
            },
            "auth": {
                "type": "bearer",
                "bearer": "eyJhbGciOiJIUzI1NiIsInR5cCI6IkpXVCJ9.eyJlbWFpbCI6Im5pcmltb25AZ21haWwuY29tIiwicm9sZSI6ImFkbWluIiwibWVtYmVyQ29wSUQiOiJDT1AwMDFOSSIsInN0YXR1cyI6ImFjdGl2ZSIsImlhdCI6MTY4MzIwNzgxNCwiZXhwIjoxNjgzMjk0MjE0fQ.LwS1-u7WLlZIHtPlr8nak41TqzcmLixl75R6PTOKKZA"
            },
            "tests": []
        },
        {
            "_id": "f83c9325-719e-4d25-b5f8-b5e80f41ad95",
            "colId": "d4cc0172-8a2c-40a7-842d-df27aaec6ee5",
            "containerId": "288fbc6b-e0dd-4195-840b-864677009a6e",
            "name": "get all pending deposit - cop",
            "url": "{{cop}}/api/v1/finance/deposit/request",
            "method": "GET",
            "sortNum": 20000,
            "created": "2023-05-01T15:43:48.516Z",
            "modified": "2023-05-13T05:37:09.007Z",
            "headers": [],
            "params": [],
            "body": {
                "type": "json",
                "raw": "{\n  \"depositorId\":\"644d5e654dc8ba1fb0faaef8\",\n  \"depositAmount\":300,\n  \"collectorId\":\"644fcab1901e7680dad528da\",\n  \"collectionDate\":\"2023-05-10\"\n}",
                "form": []
            },
            "auth": {
                "type": "bearer",
                "bearer": "eyJhbGciOiJIUzI1NiIsInR5cCI6IkpXVCJ9.eyJlbWFpbCI6Im5pcmltb25AZ21haWwuY29tIiwicm9sZSI6ImFkbWluIiwibWVtYmVyQ29wSUQiOiJDT1AwMDFOSSIsInN0YXR1cyI6ImFjdGl2ZSIsImlhdCI6MTY4Mzk1NTMwMCwiZXhwIjoxNjg0MDQxNzAwfQ.fwugBU24UQle2LWCk2UmXPfJJ0hyLTEoLOi8yvBjq1U"
            },
            "tests": []
        },
        {
            "_id": "d249df5b-bf09-4e8d-a28b-4cd3f26beaa4",
            "colId": "d4cc0172-8a2c-40a7-842d-df27aaec6ee5",
            "containerId": "28934564-ac97-40f8-9123-09d32841c32a",
            "name": "get all pending withdraw - cop",
            "url": "{{cop}}/api/v1/finance/withdraw/request",
            "method": "GET",
            "sortNum": 20000,
            "created": "2023-05-02T11:28:50.270Z",
            "modified": "2023-05-13T05:46:12.844Z",
            "headers": [],
            "params": [],
            "body": {
                "type": "json",
                "raw": "{\n  \"depositorId\":\"644d5e654dc8ba1fb0faaef8\",\n  \"depositAmount\":300,\n  \"collectorId\":\"644fcab1901e7680dad528da\",\n  \"collectionDate\":\"2023-05-10\"\n}",
                "form": []
            },
            "auth": {
                "type": "bearer",
                "bearer": "eyJhbGciOiJIUzI1NiIsInR5cCI6IkpXVCJ9.eyJlbWFpbCI6Im5pcmltb25AZ21haWwuY29tIiwicm9sZSI6ImFkbWluIiwibWVtYmVyQ29wSUQiOiJDT1AwMDFOSSIsInN0YXR1cyI6ImFjdGl2ZSIsImlhdCI6MTY4Mzk1NTMwMCwiZXhwIjoxNjg0MDQxNzAwfQ.fwugBU24UQle2LWCk2UmXPfJJ0hyLTEoLOi8yvBjq1U"
            },
            "tests": []
        },
        {
            "_id": "710e22f2-7643-42f4-8c98-e425a8d06110",
            "colId": "d4cc0172-8a2c-40a7-842d-df27aaec6ee5",
            "containerId": "9186546e-8195-4262-b61d-d49146896ced",
            "name": "get all pending investment - cop",
            "url": "{{cop}}/api/v1/finance/investment/request",
            "method": "GET",
            "sortNum": 20000,
            "created": "2023-05-03T16:02:17.866Z",
            "modified": "2023-05-13T05:50:07.211Z",
            "headers": [],
            "params": [],
            "body": {
                "type": "json",
                "raw": "{\n  \"depositorId\":\"644d5e654dc8ba1fb0faaef8\",\n  \"depositAmount\":300,\n  \"collectorId\":\"644fcab1901e7680dad528da\",\n  \"collectionDate\":\"2023-05-10\"\n}",
                "form": []
            },
            "auth": {
                "type": "bearer",
                "bearer": "eyJhbGciOiJIUzI1NiIsInR5cCI6IkpXVCJ9.eyJlbWFpbCI6Im5pcmltb25AZ21haWwuY29tIiwicm9sZSI6ImFkbWluIiwibWVtYmVyQ29wSUQiOiJDT1AwMDFOSSIsInN0YXR1cyI6ImFjdGl2ZSIsImlhdCI6MTY4Mzk1NTMwMCwiZXhwIjoxNjg0MDQxNzAwfQ.fwugBU24UQle2LWCk2UmXPfJJ0hyLTEoLOi8yvBjq1U"
            },
            "tests": []
        },
        {
            "_id": "ffc9ee1a-c3b2-401a-99e6-ec55ed1a3fe9",
            "colId": "d4cc0172-8a2c-40a7-842d-df27aaec6ee5",
            "containerId": "a4fedde2-68a9-4bb7-bb8f-30b018aa56f4",
            "name": "update business- cop",
            "url": "{{cop}}/api/v1/business/6453ecd09bd57139904efd63",
            "method": "PATCH",
            "sortNum": 20000,
            "created": "2023-05-04T16:37:34.211Z",
            "modified": "2023-05-04T17:44:57.449Z",
            "headers": [],
            "params": [],
            "body": {
                "type": "json",
                "raw": "{ \n  \"businessName\":\"Cow\",\n  \"managerName\":\"Rimon\"\n}",
                "form": []
            },
            "auth": {
                "type": "bearer",
                "bearer": "eyJhbGciOiJIUzI1NiIsInR5cCI6IkpXVCJ9.eyJlbWFpbCI6Im5pcmltb25AZ21haWwuY29tIiwicm9sZSI6ImFkbWluIiwibWVtYmVyQ29wSUQiOiJDT1AwMDFOSSIsInN0YXR1cyI6ImFjdGl2ZSIsImlhdCI6MTY4MzIwNzgxNCwiZXhwIjoxNjgzMjk0MjE0fQ.LwS1-u7WLlZIHtPlr8nak41TqzcmLixl75R6PTOKKZA"
            },
            "tests": []
        },
        {
            "_id": "b7fd3e7e-0c44-4ee8-8cd2-05f601f32e80",
            "colId": "d4cc0172-8a2c-40a7-842d-df27aaec6ee5",
            "containerId": "83504fb5-d7cc-4509-b06a-92c09f694284",
            "name": "get all pending expense - cop",
            "url": "{{cop}}/api/v1/finance/expense/request",
            "method": "GET",
            "sortNum": 20000,
            "created": "2023-05-06T15:44:02.164Z",
            "modified": "2023-05-06T16:27:28.215Z",
            "headers": [],
            "params": [],
            "body": {
                "type": "json",
                "raw": "{\n  \"depositorId\":\"644d5e654dc8ba1fb0faaef8\",\n  \"depositAmount\":300,\n  \"collectorId\":\"644fcab1901e7680dad528da\",\n  \"collectionDate\":\"2023-05-10\"\n}",
                "form": []
            },
            "auth": {
                "type": "bearer",
                "bearer": "eyJhbGciOiJIUzI1NiIsInR5cCI6IkpXVCJ9.eyJlbWFpbCI6Im5pcmltb25AZ21haWwuY29tIiwicm9sZSI6ImFkbWluIiwibWVtYmVyQ29wSUQiOiJDT1AwMDFOSSIsInN0YXR1cyI6ImFjdGl2ZSIsImlhdCI6MTY4MzM4OTM3OCwiZXhwIjoxNjgzNDc1Nzc4fQ.YULYOJT8S9v0DXHe6qx0oYKqDryXttDDvIt3B5m2PQI"
            },
            "tests": []
        },
        {
            "_id": "187a3cc2-5a16-4665-84d2-c2bd6d61c5b7",
            "colId": "d4cc0172-8a2c-40a7-842d-df27aaec6ee5",
            "containerId": "e7c6457e-41c2-4beb-a857-8074bb4617dc",
            "name": "get all pending profit - cop",
            "url": "{{cop}}/api/v1/finance/profit/request",
            "method": "GET",
            "sortNum": 20000,
            "created": "2023-05-09T10:53:39.884Z",
            "modified": "2023-05-10T17:18:42.502Z",
            "headers": [],
            "params": [],
            "body": {
                "type": "json",
                "raw": "{\n  \"depositorId\":\"644d5e654dc8ba1fb0faaef8\",\n  \"depositAmount\":300,\n  \"collectorId\":\"644fcab1901e7680dad528da\",\n  \"collectionDate\":\"2023-05-10\"\n}",
                "form": []
            },
            "auth": {
                "type": "bearer",
                "bearer": "eyJhbGciOiJIUzI1NiIsInR5cCI6IkpXVCJ9.eyJlbWFpbCI6Im5pcmltb25AZ21haWwuY29tIiwicm9sZSI6ImFkbWluIiwibWVtYmVyQ29wSUQiOiJDT1AwMDFOSSIsInN0YXR1cyI6ImFjdGl2ZSIsImlhdCI6MTY4MzczODEwMCwiZXhwIjoxNjgzODI0NTAwfQ.LwKIZYaUg9zDN9EpaG38AeKK-RzYwvVJGF0StYiMhPM"
            },
            "tests": []
        },
        {
            "_id": "44aed473-003a-4245-9a67-431ca00d9f21",
            "colId": "d4cc0172-8a2c-40a7-842d-df27aaec6ee5",
            "containerId": "a4fedde2-68a9-4bb7-bb8f-30b018aa56f4",
            "name": "get all business- cop",
            "url": "{{cop}}/api/v1/business?",
            "method": "GET",
            "sortNum": 22500,
            "created": "2023-05-04T16:37:34.213Z",
            "modified": "2023-05-13T05:48:22.625Z",
            "headers": [],
            "params": [],
            "body": {
                "type": "json",
                "raw": "{ \n  \"name\":\"nurul islam rimon\",\n  \"fatherName\":\"Noor Nabi\"\n}",
                "form": []
            },
            "auth": {
                "type": "bearer",
                "bearer": "eyJhbGciOiJIUzI1NiIsInR5cCI6IkpXVCJ9.eyJlbWFpbCI6Im5pcmltb25AZ21haWwuY29tIiwicm9sZSI6ImFkbWluIiwibWVtYmVyQ29wSUQiOiJDT1AwMTJOSSIsInN0YXR1cyI6ImFjdGl2ZSIsImlhdCI6MTY4MjYxNDU4NywiZXhwIjoxNjgyNzAwOTg3fQ.47LM-QXVqSxosEOb8wa_b3SGu6iaRRIELBswsfzJXdk"
            },
            "tests": []
        },
        {
            "_id": "386cb3b6-fd39-40dd-9c3f-4bf3a80b9a97",
            "colId": "d4cc0172-8a2c-40a7-842d-df27aaec6ee5",
            "containerId": "a4fedde2-68a9-4bb7-bb8f-30b018aa56f4",
            "name": "close a business- cop",
            "url": "{{cop}}/api/v1/business/close/645f24c55fad08e02612813f",
            "method": "POST",
            "sortNum": 25000,
            "created": "2023-05-11T12:32:53.094Z",
            "modified": "2023-05-13T06:35:28.609Z",
            "headers": [],
            "params": [],
            "body": {
                "type": "json",
                "raw": "{ \n  \"collectedAmount\":3600\n}",
                "form": []
            },
            "auth": {
                "type": "bearer",
                "bearer": "eyJhbGciOiJIUzI1NiIsInR5cCI6IkpXVCJ9.eyJlbWFpbCI6Im5pcmltb25AZ21haWwuY29tIiwicm9sZSI6ImFkbWluIiwibWVtYmVyQ29wSUQiOiJDT1AwMDFOSSIsInN0YXR1cyI6ImFjdGl2ZSIsImlhdCI6MTY4Mzk1NTMwMCwiZXhwIjoxNjg0MDQxNzAwfQ.fwugBU24UQle2LWCk2UmXPfJJ0hyLTEoLOi8yvBjq1U"
            },
            "tests": []
        },
        {
            "_id": "a76b49b7-8480-44af-af31-7783c2d87916",
            "colId": "d4cc0172-8a2c-40a7-842d-df27aaec6ee5",
            "containerId": "a4fedde2-68a9-4bb7-bb8f-30b018aa56f4",
            "name": "approve a business close - cop",
            "url": "{{cop}}/api/v1/business/close/approve/645f2fb083ec668db0522abc",
            "method": "POST",
            "sortNum": 27500,
            "created": "2023-05-11T16:49:38.265Z",
            "modified": "2023-05-13T06:36:13.537Z",
            "headers": [],
            "params": [],
            "body": {
                "type": "json",
                "raw": "{ \n  \"collectedAmount\":4500\n}",
                "form": []
            },
            "auth": {
                "type": "bearer",
                "bearer": "eyJhbGciOiJIUzI1NiIsInR5cCI6IkpXVCJ9.eyJlbWFpbCI6Im5pcmltb25AZ21haWwuY29tIiwicm9sZSI6ImFkbWluIiwibWVtYmVyQ29wSUQiOiJDT1AwMDFOSSIsInN0YXR1cyI6ImFjdGl2ZSIsImlhdCI6MTY4Mzk1NTMwMCwiZXhwIjoxNjg0MDQxNzAwfQ.fwugBU24UQle2LWCk2UmXPfJJ0hyLTEoLOi8yvBjq1U"
            },
            "tests": []
        },
        {
            "_id": "15d7777f-6587-40e8-a5b5-b2d932f73a23",
            "colId": "d4cc0172-8a2c-40a7-842d-df27aaec6ee5",
            "containerId": "947eefec-65ba-43e4-a952-c6cec12b0bc5",
            "name": "login - cop",
            "url": "{{cop}}/api/v1/users/login",
            "method": "POST",
            "sortNum": 30000,
            "created": "2023-05-01T12:15:35.663Z",
            "modified": "2023-05-02T09:39:15.767Z",
            "headers": [],
            "params": [],
            "body": {
                "type": "json",
                "raw": "{\n  \"email\":\"nirimon@gmail.com\",\n  \"password\":\"Nurul@123\"\n}",
                "form": []
            },
            "auth": {
                "type": "bearer",
                "bearer": "eyJhbGciOiJIUzI1NiIsInR5cCI6IkpXVCJ9.eyJlbWFpbCI6Im5pcmltQGdtYWlsLmNvbSIsIm1lbWJlckNvcElEIjoiQ09QMDAxTkkiLCJpYXQiOjE2ODI0Mjk4MzV9.5JbUJElxbHNDpH-fteU8Qcby2jZt6WxTbDtd1-f7ags"
            },
            "tests": []
        },
        {
            "_id": "a40fa3d3-a73d-45cb-84e3-ee8c47b503be",
            "colId": "d4cc0172-8a2c-40a7-842d-df27aaec6ee5",
            "containerId": "de049c20-2118-44ee-982e-c73522466e17",
            "name": "delete a member- cop",
            "url": "{{cop}}/api/v1/members/6453b42d868caca84e02d394",
            "method": "DELETE",
            "sortNum": 30000,
            "created": "2023-05-01T12:15:35.664Z",
            "modified": "2023-05-04T13:37:29.274Z",
            "headers": [],
            "params": [],
            "body": {
                "type": "json",
                "raw": "{ \n  \"name\":\"nurul islam rimon\",\n  \"fatherName\":\"Noor Nabi\"\n}",
                "form": []
            },
            "auth": {
                "type": "bearer",
                "bearer": "eyJhbGciOiJIUzI1NiIsInR5cCI6IkpXVCJ9.eyJlbWFpbCI6Im5pcmltb25AZ21haWwuY29tIiwicm9sZSI6ImFkbWluIiwibWVtYmVyQ29wSUQiOiJDT1AwMDFOSSIsInN0YXR1cyI6ImFjdGl2ZSIsImlhdCI6MTY4MzIwNzQwMCwiZXhwIjoxNjgzMjkzODAwfQ.WqD2nup2IFcIGHbiP3oH4VW4VBCDm-NBJ_Gr_RwlXxk"
            },
            "tests": []
        },
        {
            "_id": "c98d490d-862e-44f4-a70d-d6dd683f1806",
            "colId": "d4cc0172-8a2c-40a7-842d-df27aaec6ee5",
            "containerId": "cdb3309c-4cdf-4fdc-8621-cc72613aa0fb",
            "name": "delete a committee- cop",
            "url": "{{cop}}/api/v1/committee/644e9a0a390e55a238b73755",
            "method": "DELETE",
            "sortNum": 30000,
            "created": "2023-05-01T12:15:35.666Z",
            "modified": "2023-05-01T12:15:35.666Z",
            "headers": [],
            "params": [],
            "body": {
                "type": "json",
                "raw": "{\n  \"role\":\"director\",\n  \"id\":\"644e91a0f83489f21854ce04\"\n}",
                "form": []
            },
            "auth": {
                "type": "bearer",
                "bearer": "eyJhbGciOiJIUzI1NiIsInR5cCI6IkpXVCJ9.eyJlbWFpbCI6Im5pcmltb25AZ21haWwuY29tIiwicm9sZSI6ImFkbWluIiwibWVtYmVyQ29wSUQiOiJDT1AwMDFOSSIsInN0YXR1cyI6ImFjdGl2ZSIsImlhdCI6MTY4Mjg2MjI2OCwiZXhwIjoxNjgyOTQ4NjY4fQ.X6CjUHQnZejDDK77OEKeLCD4FgTPUFnxShGHOyGc5vs"
            },
            "tests": []
        },
        {
            "_id": "f2119d04-fbcc-4c2d-b41b-2f5f0b4fb9ee",
            "colId": "d4cc0172-8a2c-40a7-842d-df27aaec6ee5",
            "containerId": "08928ac4-9c6d-43dd-b253-9f7e2b047df6",
            "name": "delete an admin - cop",
            "url": "{{cop}}/api/v1/admin/6453b5b28a5dba562bf827bb",
            "method": "DELETE",
            "sortNum": 30000,
            "created": "2023-05-01T12:15:35.667Z",
            "modified": "2023-05-04T13:45:56.144Z",
            "headers": [],
            "params": [],
            "body": {
                "type": "json",
                "raw": "{\n  \"role\":\"director\",\n  \"id\":\"644e91a0f83489f21854ce04\"\n}",
                "form": []
            },
            "auth": {
                "type": "bearer",
                "bearer": "eyJhbGciOiJIUzI1NiIsInR5cCI6IkpXVCJ9.eyJlbWFpbCI6Im5pcmltb25AZ21haWwuY29tIiwicm9sZSI6ImFkbWluIiwibWVtYmVyQ29wSUQiOiJDT1AwMDFOSSIsInN0YXR1cyI6ImFjdGl2ZSIsImlhdCI6MTY4MzIwNzgxNCwiZXhwIjoxNjgzMjk0MjE0fQ.LwS1-u7WLlZIHtPlr8nak41TqzcmLixl75R6PTOKKZA"
            },
            "tests": []
        },
        {
            "_id": "badfe92e-05f8-4f2b-b2a5-89deb713d58b",
            "colId": "d4cc0172-8a2c-40a7-842d-df27aaec6ee5",
            "containerId": "288fbc6b-e0dd-4195-840b-864677009a6e",
            "name": "approve a deposit - cop",
            "url": "{{cop}}/api/v1/finance/deposit/approve/645f23895fad08e0261280de",
            "method": "POST",
            "sortNum": 30000,
            "created": "2023-05-01T17:52:46.204Z",
            "modified": "2023-05-13T05:45:48.117Z",
            "headers": [],
            "params": [],
            "body": {
                "type": "json",
                "raw": "{\n  \"depositorId\":\"644d5e654dc8ba1fb0faaef8\",\n  \"depositAmount\":300,\n  \"collectorId\":\"644fcab1901e7680dad528da\",\n  \"collectionDate\":\"2023-05-10\"\n}",
                "form": []
            },
            "auth": {
                "type": "bearer",
                "bearer": "eyJhbGciOiJIUzI1NiIsInR5cCI6IkpXVCJ9.eyJlbWFpbCI6Im5pcmltb25AZ21haWwuY29tIiwicm9sZSI6ImFkbWluIiwibWVtYmVyQ29wSUQiOiJDT1AwMDFOSSIsInN0YXR1cyI6ImFjdGl2ZSIsImlhdCI6MTY4Mzk1NTMwMCwiZXhwIjoxNjg0MDQxNzAwfQ.fwugBU24UQle2LWCk2UmXPfJJ0hyLTEoLOi8yvBjq1U"
            },
            "tests": []
        },
        {
            "_id": "8197ae23-ea90-437e-9482-02af61a51123",
            "colId": "d4cc0172-8a2c-40a7-842d-df27aaec6ee5",
            "containerId": "28934564-ac97-40f8-9123-09d32841c32a",
            "name": "approve a withdraw request - cop",
            "url": "{{cop}}/api/v1/finance/withdraw/approve/645f24115fad08e02612811a",
            "method": "POST",
            "sortNum": 30000,
            "created": "2023-05-02T11:28:50.271Z",
            "modified": "2023-05-13T05:46:43.116Z",
            "headers": [],
            "params": [],
            "body": {
                "type": "json",
                "raw": "{\n  \"depositorId\":\"644d5e654dc8ba1fb0faaef8\",\n  \"depositAmount\":300,\n  \"collectorId\":\"644fcab1901e7680dad528da\",\n  \"collectionDate\":\"2023-05-10\"\n}",
                "form": []
            },
            "auth": {
                "type": "bearer",
                "bearer": "eyJhbGciOiJIUzI1NiIsInR5cCI6IkpXVCJ9.eyJlbWFpbCI6Im5pcmltb25AZ21haWwuY29tIiwicm9sZSI6ImFkbWluIiwibWVtYmVyQ29wSUQiOiJDT1AwMDFOSSIsInN0YXR1cyI6ImFjdGl2ZSIsImlhdCI6MTY4Mzk1NTMwMCwiZXhwIjoxNjg0MDQxNzAwfQ.fwugBU24UQle2LWCk2UmXPfJJ0hyLTEoLOi8yvBjq1U"
            },
            "tests": []
        },
        {
            "_id": "3982af03-51ce-47c8-b547-bd179daa81c5",
            "colId": "d4cc0172-8a2c-40a7-842d-df27aaec6ee5",
            "containerId": "9186546e-8195-4262-b61d-d49146896ced",
            "name": "approve a investment request - cop",
            "url": "{{cop}}/api/v1/finance/investment/approve/645f2ea583ec668db0522a3c",
            "method": "POST",
            "sortNum": 30000,
            "created": "2023-05-03T16:02:17.867Z",
            "modified": "2023-05-13T06:31:19.165Z",
            "headers": [],
            "params": [],
            "body": {
                "type": "json",
                "raw": "{\n  \"depositorId\":\"644d5e654dc8ba1fb0faaef8\",\n  \"depositAmount\":300,\n  \"collectorId\":\"644fcab1901e7680dad528da\",\n  \"collectionDate\":\"2023-05-10\"\n}",
                "form": []
            },
            "auth": {
                "type": "bearer",
                "bearer": "eyJhbGciOiJIUzI1NiIsInR5cCI6IkpXVCJ9.eyJlbWFpbCI6Im5pcmltb25AZ21haWwuY29tIiwicm9sZSI6ImFkbWluIiwibWVtYmVyQ29wSUQiOiJDT1AwMDFOSSIsInN0YXR1cyI6ImFjdGl2ZSIsImlhdCI6MTY4Mzk1NTMwMCwiZXhwIjoxNjg0MDQxNzAwfQ.fwugBU24UQle2LWCk2UmXPfJJ0hyLTEoLOi8yvBjq1U"
            },
            "tests": []
        },
        {
            "_id": "2a343651-be01-41f2-994d-57146dc15127",
            "colId": "d4cc0172-8a2c-40a7-842d-df27aaec6ee5",
            "containerId": "a4fedde2-68a9-4bb7-bb8f-30b018aa56f4",
            "name": "delete a business- cop",
            "url": "{{cop}}/api/v1/business/6453ecd09bd57139904efd63",
            "method": "DELETE",
            "sortNum": 30000,
            "created": "2023-05-04T16:37:34.212Z",
            "modified": "2023-05-04T18:15:45.681Z",
            "headers": [],
            "params": [],
            "body": {
                "type": "json",
                "raw": "{ \n  \"name\":\"nurul islam rimon\",\n  \"fatherName\":\"Noor Nabi\"\n}",
                "form": []
            },
            "auth": {
                "type": "bearer",
                "bearer": "eyJhbGciOiJIUzI1NiIsInR5cCI6IkpXVCJ9.eyJlbWFpbCI6Im5pcmltb25AZ21haWwuY29tIiwicm9sZSI6ImFkbWluIiwibWVtYmVyQ29wSUQiOiJDT1AwMDFOSSIsInN0YXR1cyI6ImFjdGl2ZSIsImlhdCI6MTY4MzIwNzQwMCwiZXhwIjoxNjgzMjkzODAwfQ.WqD2nup2IFcIGHbiP3oH4VW4VBCDm-NBJ_Gr_RwlXxk"
            },
            "tests": []
        },
        {
            "_id": "8d3f7660-a597-4d16-b587-3ed93359415a",
            "colId": "d4cc0172-8a2c-40a7-842d-df27aaec6ee5",
            "containerId": "83504fb5-d7cc-4509-b06a-92c09f694284",
            "name": "approve a expense request - cop",
            "url": "{{cop}}/api/v1/finance/expense/approve/64575e969c2dec2d8262738f",
            "method": "POST",
            "sortNum": 30000,
            "created": "2023-05-06T15:44:02.165Z",
            "modified": "2023-05-07T10:41:10.468Z",
            "headers": [],
            "params": [],
            "body": {
                "type": "json",
                "raw": "{\n  \"depositorId\":\"644d5e654dc8ba1fb0faaef8\",\n  \"depositAmount\":300,\n  \"collectorId\":\"644fcab1901e7680dad528da\",\n  \"collectionDate\":\"2023-05-10\"\n}",
                "form": []
            },
            "auth": {
                "type": "bearer",
                "bearer": "eyJhbGciOiJIUzI1NiIsInR5cCI6IkpXVCJ9.eyJlbWFpbCI6Im5pcmltb25AZ21haWwuY29tIiwicm9sZSI6ImFkbWluIiwibWVtYmVyQ29wSUQiOiJDT1AwMDFOSSIsInN0YXR1cyI6ImFjdGl2ZSIsImlhdCI6MTY4MzQ1MzAzNCwiZXhwIjoxNjgzNTM5NDM0fQ.bBzP3Tp4WdRTqqLUdBm8-k1Q3a2hvWWJrFPceiP3ySo"
            },
            "tests": []
        },
        {
            "_id": "d83726b7-35c2-4e24-9c0e-f0d6665d2d07",
            "colId": "d4cc0172-8a2c-40a7-842d-df27aaec6ee5",
            "containerId": "e7c6457e-41c2-4beb-a857-8074bb4617dc",
            "name": "approve a profit request - cop",
            "url": "{{cop}}/api/v1/finance/profit/approve/645f2ecc83ec668db0522a6f",
            "method": "POST",
            "sortNum": 30000,
            "created": "2023-05-09T10:53:39.885Z",
            "modified": "2023-05-13T06:32:18.358Z",
            "headers": [],
            "params": [],
            "body": {
                "type": "json",
                "raw": "{\n  \"depositorId\":\"644d5e654dc8ba1fb0faaef8\",\n  \"depositAmount\":300,\n  \"collectorId\":\"644fcab1901e7680dad528da\",\n  \"collectionDate\":\"2023-05-10\"\n}",
                "form": []
            },
            "auth": {
                "type": "bearer",
                "bearer": "eyJhbGciOiJIUzI1NiIsInR5cCI6IkpXVCJ9.eyJlbWFpbCI6Im5pcmltb25AZ21haWwuY29tIiwicm9sZSI6ImFkbWluIiwibWVtYmVyQ29wSUQiOiJDT1AwMDFOSSIsInN0YXR1cyI6ImFjdGl2ZSIsImlhdCI6MTY4Mzk1NTMwMCwiZXhwIjoxNjg0MDQxNzAwfQ.fwugBU24UQle2LWCk2UmXPfJJ0hyLTEoLOi8yvBjq1U"
            },
            "tests": []
        },
        {
            "_id": "7ab26fcf-94e2-46b2-92cb-be9d6d9349c5",
            "colId": "d4cc0172-8a2c-40a7-842d-df27aaec6ee5",
            "containerId": "947eefec-65ba-43e4-a952-c6cec12b0bc5",
            "name": "user me - cop",
            "url": "{{cop}}/api/v1/users/me",
            "method": "GET",
            "sortNum": 40000,
            "created": "2023-05-01T12:15:35.668Z",
            "modified": "2023-05-04T12:34:19.976Z",
            "headers": [],
            "params": [],
            "auth": {
                "type": "bearer",
                "bearer": "eyJhbGciOiJIUzI1NiIsInR5cCI6IkpXVCJ9.eyJlbWFpbCI6Im5pcmltb25AZ21haWwuY29tIiwicm9sZSI6ImFkbWluIiwibWVtYmVyQ29wSUQiOiJDT1AwMDJOSSIsInN0YXR1cyI6ImFjdGl2ZSIsImlhdCI6MTY4MzIwMzYzOCwiZXhwIjoxNjgzMjkwMDM4fQ.VYbwpXp2a9H8y32gRPq5AZed_5Z-kKhiwsT4ozRuqRU"
            },
            "tests": []
        },
        {
            "_id": "564e5150-fc53-42b0-bedd-2f2f02012993",
            "colId": "d4cc0172-8a2c-40a7-842d-df27aaec6ee5",
            "containerId": "de049c20-2118-44ee-982e-c73522466e17",
            "name": "get all members- cop",
            "url": "{{cop}}/api/v1/members?name=n",
            "method": "GET",
            "sortNum": 40000,
            "created": "2023-05-01T12:15:35.669Z",
            "modified": "2023-05-01T17:46:34.094Z",
            "headers": [],
            "params": [
                {
                    "name": "name",
                    "value": "n",
                    "isPath": false
                }
            ],
            "body": {
                "type": "json",
                "raw": "{ \n  \"name\":\"nurul islam rimon\",\n  \"fatherName\":\"Noor Nabi\"\n}",
                "form": []
            },
            "auth": {
                "type": "bearer",
                "bearer": "eyJhbGciOiJIUzI1NiIsInR5cCI6IkpXVCJ9.eyJlbWFpbCI6Im5pcmltb25AZ21haWwuY29tIiwicm9sZSI6ImFkbWluIiwibWVtYmVyQ29wSUQiOiJDT1AwMTJOSSIsInN0YXR1cyI6ImFjdGl2ZSIsImlhdCI6MTY4MjYxNDU4NywiZXhwIjoxNjgyNzAwOTg3fQ.47LM-QXVqSxosEOb8wa_b3SGu6iaRRIELBswsfzJXdk"
            },
            "tests": []
        },
        {
            "_id": "aacbc4b6-e481-49cc-8dc5-b75ae4062db3",
            "colId": "d4cc0172-8a2c-40a7-842d-df27aaec6ee5",
            "containerId": "cdb3309c-4cdf-4fdc-8621-cc72613aa0fb",
            "name": "get active committee - cop",
            "url": "{{cop}}/api/v1/committee/",
            "method": "GET",
            "sortNum": 40000,
            "created": "2023-05-01T12:15:35.670Z",
            "modified": "2023-05-01T12:15:35.670Z",
            "headers": [],
            "params": [],
            "body": {
                "type": "json",
                "raw": "{\n  \"role\":\"director\",\n  \"id\":\"644e91a0f83489f21854ce04\"\n}",
                "form": []
            },
            "auth": {
                "type": "bearer",
                "bearer": "eyJhbGciOiJIUzI1NiIsInR5cCI6IkpXVCJ9.eyJlbWFpbCI6Im5pcmltb25AZ21haWwuY29tIiwicm9sZSI6ImFkbWluIiwibWVtYmVyQ29wSUQiOiJDT1AwMDFOSSIsInN0YXR1cyI6ImFjdGl2ZSIsImlhdCI6MTY4Mjg2MjI2OCwiZXhwIjoxNjgyOTQ4NjY4fQ.X6CjUHQnZejDDK77OEKeLCD4FgTPUFnxShGHOyGc5vs"
            },
            "tests": []
        },
        {
            "_id": "2a816ade-7978-40df-aa31-a260e5da0942",
            "colId": "d4cc0172-8a2c-40a7-842d-df27aaec6ee5",
            "containerId": "288fbc6b-e0dd-4195-840b-864677009a6e",
            "name": "reject a deposit - cop",
            "url": "{{cop}}/api/v1/finance/deposit/reject/645f23605fad08e0261280d5",
            "method": "POST",
            "sortNum": 40000,
            "created": "2023-05-01T19:15:21.834Z",
            "modified": "2023-05-13T05:43:18.808Z",
            "headers": [],
            "params": [],
            "body": {
                "type": "json",
                "raw": "{\n  \"depositorId\":\"644d5e654dc8ba1fb0faaef8\",\n  \"depositAmount\":300,\n  \"collectorId\":\"644fcab1901e7680dad528da\",\n  \"collectionDate\":\"2023-05-10\"\n}",
                "form": []
            },
            "auth": {
                "type": "bearer",
                "bearer": "eyJhbGciOiJIUzI1NiIsInR5cCI6IkpXVCJ9.eyJlbWFpbCI6Im5pcmltb25AZ21haWwuY29tIiwicm9sZSI6ImFkbWluIiwibWVtYmVyQ29wSUQiOiJDT1AwMDFOSSIsInN0YXR1cyI6ImFjdGl2ZSIsImlhdCI6MTY4Mzk1NTMwMCwiZXhwIjoxNjg0MDQxNzAwfQ.fwugBU24UQle2LWCk2UmXPfJJ0hyLTEoLOi8yvBjq1U"
            },
            "tests": []
        },
        {
            "_id": "ede273b4-b7f6-4af2-8eac-230a3e90465b",
            "colId": "d4cc0172-8a2c-40a7-842d-df27aaec6ee5",
            "containerId": "28934564-ac97-40f8-9123-09d32841c32a",
            "name": "reject a withdraw request - cop",
            "url": "{{cop}}/api/v1/finance/withdraw/reject/6455300cf62d74ca7f5f2b3b",
            "method": "POST",
            "sortNum": 40000,
            "created": "2023-05-02T11:28:50.272Z",
            "modified": "2023-05-05T16:35:36.679Z",
            "headers": [],
            "params": [],
            "body": {
                "type": "json",
                "raw": "{\n  \"depositorId\":\"644d5e654dc8ba1fb0faaef8\",\n  \"depositAmount\":300,\n  \"collectorId\":\"644fcab1901e7680dad528da\",\n  \"collectionDate\":\"2023-05-10\"\n}",
                "form": []
            },
            "auth": {
                "type": "bearer",
                "bearer": "eyJhbGciOiJIUzI1NiIsInR5cCI6IkpXVCJ9.eyJlbWFpbCI6Im5pcmltb25AZ21haWwuY29tIiwicm9sZSI6ImFkbWluIiwibWVtYmVyQ29wSUQiOiJDT1AwMDFOSSIsInN0YXR1cyI6ImFjdGl2ZSIsImlhdCI6MTY4MzI5OTMyNSwiZXhwIjoxNjgzMzg1NzI1fQ.KejDvxq9YViFx_DZfpUDzGBp6E-T3ArUCj86_p3xWtA"
            },
            "tests": []
        },
        {
            "_id": "0e15c63e-9d24-40ba-97d4-f11e4c0de095",
            "colId": "d4cc0172-8a2c-40a7-842d-df27aaec6ee5",
            "containerId": "9186546e-8195-4262-b61d-d49146896ced",
            "name": "reject a investment request - cop",
            "url": "{{cop}}/api/v1/finance/investment/reject/6455588c81bb63b61b9e594c",
            "method": "POST",
            "sortNum": 40000,
            "created": "2023-05-03T16:02:17.869Z",
            "modified": "2023-05-05T19:27:58.617Z",
            "headers": [],
            "params": [],
            "body": {
                "type": "json",
                "raw": "{\n  \"depositorId\":\"644d5e654dc8ba1fb0faaef8\",\n  \"depositAmount\":300,\n  \"collectorId\":\"644fcab1901e7680dad528da\",\n  \"collectionDate\":\"2023-05-10\"\n}",
                "form": []
            },
            "auth": {
                "type": "bearer",
                "bearer": "eyJhbGciOiJIUzI1NiIsInR5cCI6IkpXVCJ9.eyJlbWFpbCI6Im5pcmltb25AZ21haWwuY29tIiwicm9sZSI6ImFkbWluIiwibWVtYmVyQ29wSUQiOiJDT1AwMDFOSSIsInN0YXR1cyI6ImFjdGl2ZSIsImlhdCI6MTY4MzI5OTMyNSwiZXhwIjoxNjgzMzg1NzI1fQ.KejDvxq9YViFx_DZfpUDzGBp6E-T3ArUCj86_p3xWtA"
            },
            "tests": []
        },
        {
            "_id": "1a4f89f4-5626-4ca9-9a80-df16ed0fd361",
            "colId": "d4cc0172-8a2c-40a7-842d-df27aaec6ee5",
            "containerId": "83504fb5-d7cc-4509-b06a-92c09f694284",
            "name": "reject a expense request - cop",
            "url": "{{cop}}/api/v1/finance/expense/reject/64575a339c2dec2d826272d1",
            "method": "POST",
            "sortNum": 40000,
            "created": "2023-05-06T15:44:02.166Z",
            "modified": "2023-05-07T09:55:25.243Z",
            "headers": [],
            "params": [],
            "body": {
                "type": "json",
                "raw": "{\n  \"depositorId\":\"644d5e654dc8ba1fb0faaef8\",\n  \"depositAmount\":300,\n  \"collectorId\":\"644fcab1901e7680dad528da\",\n  \"collectionDate\":\"2023-05-10\"\n}",
                "form": []
            },
            "auth": {
                "type": "bearer",
                "bearer": "eyJhbGciOiJIUzI1NiIsInR5cCI6IkpXVCJ9.eyJlbWFpbCI6Im5pcmltb25AZ21haWwuY29tIiwicm9sZSI6ImFkbWluIiwibWVtYmVyQ29wSUQiOiJDT1AwMDFOSSIsInN0YXR1cyI6ImFjdGl2ZSIsImlhdCI6MTY4MzQ1MzAzNCwiZXhwIjoxNjgzNTM5NDM0fQ.bBzP3Tp4WdRTqqLUdBm8-k1Q3a2hvWWJrFPceiP3ySo"
            },
            "tests": []
        },
        {
            "_id": "773be9b9-1611-432f-a690-0048d62b651d",
            "colId": "d4cc0172-8a2c-40a7-842d-df27aaec6ee5",
            "containerId": "e7c6457e-41c2-4beb-a857-8074bb4617dc",
            "name": "reject a profit request - cop",
            "url": "{{cop}}/api/v1/finance/profit/reject/645bd6418ebbf15a18943385",
            "method": "POST",
            "sortNum": 40000,
            "created": "2023-05-09T10:53:39.886Z",
            "modified": "2023-05-10T19:18:40.624Z",
            "headers": [],
            "params": [],
            "body": {
                "type": "json",
                "raw": "{\n  \"depositorId\":\"644d5e654dc8ba1fb0faaef8\",\n  \"depositAmount\":300,\n  \"collectorId\":\"644fcab1901e7680dad528da\",\n  \"collectionDate\":\"2023-05-10\"\n}",
                "form": []
            },
            "auth": {
                "type": "bearer",
                "bearer": "eyJhbGciOiJIUzI1NiIsInR5cCI6IkpXVCJ9.eyJlbWFpbCI6Im5pcmltb25AZ21haWwuY29tIiwicm9sZSI6ImFkbWluIiwibWVtYmVyQ29wSUQiOiJDT1AwMDFOSSIsInN0YXR1cyI6ImFjdGl2ZSIsImlhdCI6MTY4MzczODEwMCwiZXhwIjoxNjgzODI0NTAwfQ.LwKIZYaUg9zDN9EpaG38AeKK-RzYwvVJGF0StYiMhPM"
            },
            "tests": []
        },
        {
            "_id": "0c2e8bfe-9f8a-4d2e-9f77-b4f7303e19bf",
            "colId": "d4cc0172-8a2c-40a7-842d-df27aaec6ee5",
            "containerId": "947eefec-65ba-43e4-a952-c6cec12b0bc5",
            "name": "All users - cop",
            "url": "{{cop}}/api/v1/users",
            "method": "GET",
            "sortNum": 50000,
            "created": "2023-05-01T12:15:35.671Z",
            "modified": "2023-05-04T12:34:34.582Z",
            "headers": [],
            "params": [],
            "auth": {
                "type": "bearer",
                "bearer": "eyJhbGciOiJIUzI1NiIsInR5cCI6IkpXVCJ9.eyJlbWFpbCI6Im5pcmltb25AZ21haWwuY29tIiwicm9sZSI6ImFkbWluIiwibWVtYmVyQ29wSUQiOiJDT1AwMDJOSSIsInN0YXR1cyI6ImFjdGl2ZSIsImlhdCI6MTY4MzIwMzYzOCwiZXhwIjoxNjgzMjkwMDM4fQ.VYbwpXp2a9H8y32gRPq5AZed_5Z-kKhiwsT4ozRuqRU"
            },
            "tests": []
        },
        {
            "_id": "e45de562-e2e5-406d-8085-ac7623730797",
            "colId": "d4cc0172-8a2c-40a7-842d-df27aaec6ee5",
            "containerId": "de049c20-2118-44ee-982e-c73522466e17",
            "name": "Info of a member- cop",
            "url": "{{cop}}/api/v1/members/644a8c7232f9848d319d7b73",
            "method": "GET",
            "sortNum": 50000,
            "created": "2023-05-01T12:15:35.672Z",
            "modified": "2023-05-01T12:15:35.672Z",
            "headers": [],
            "params": [],
            "body": {
                "type": "json",
                "raw": "{ \n  \"name\":\"nurul islam rimon\",\n  \"fatherName\":\"Noor Nabi\"\n}",
                "form": []
            },
            "auth": {
                "type": "bearer",
                "bearer": "eyJhbGciOiJIUzI1NiIsInR5cCI6IkpXVCJ9.eyJlbWFpbCI6Im5pcmltb25AZ21haWwuY29tIiwicm9sZSI6ImFkbWluIiwibWVtYmVyQ29wSUQiOiJDT1AwMTJOSSIsInN0YXR1cyI6ImFjdGl2ZSIsImlhdCI6MTY4Mjc3NjU2MiwiZXhwIjoxNjgyODYyOTYyfQ.BIOv0FcG4bX4Gs1tWgv9slpeb9gXyckDYBVCeARRas0"
            },
            "tests": []
        },
        {
            "_id": "983ad89f-52f7-4c0c-8cd0-2ac12929ee24",
            "colId": "d4cc0172-8a2c-40a7-842d-df27aaec6ee5",
            "containerId": "cdb3309c-4cdf-4fdc-8621-cc72613aa0fb",
            "name": "get all committee - cop",
            "url": "{{cop}}/api/v1/committee/all?limit=4&status=expired&createdAt[gte]=2021",
            "method": "GET",
            "sortNum": 50000,
            "created": "2023-05-01T12:15:35.673Z",
            "modified": "2023-05-01T12:15:35.673Z",
            "headers": [],
            "params": [
                {
                    "name": "limit",
                    "value": "4",
                    "isPath": false
                },
                {
                    "name": "status",
                    "value": "expired",
                    "isPath": false
                },
                {
                    "name": "createdAt[gte]",
                    "value": "2021",
                    "isPath": false
                }
            ],
            "body": {
                "type": "json",
                "raw": "{\n  \"role\":\"director\",\n  \"id\":\"644e91a0f83489f21854ce04\"\n}",
                "form": []
            },
            "auth": {
                "type": "bearer",
                "bearer": "eyJhbGciOiJIUzI1NiIsInR5cCI6IkpXVCJ9.eyJlbWFpbCI6Im5pcmltb25AZ21haWwuY29tIiwicm9sZSI6ImFkbWluIiwibWVtYmVyQ29wSUQiOiJDT1AwMDFOSSIsInN0YXR1cyI6ImFjdGl2ZSIsImlhdCI6MTY4Mjg2MjI2OCwiZXhwIjoxNjgyOTQ4NjY4fQ.X6CjUHQnZejDDK77OEKeLCD4FgTPUFnxShGHOyGc5vs"
            },
            "tests": []
        },
        {
            "_id": "dbdcc1fc-2f1b-41ba-a382-ad6c693d0219",
            "colId": "d4cc0172-8a2c-40a7-842d-df27aaec6ee5",
            "containerId": "288fbc6b-e0dd-4195-840b-864677009a6e",
            "name": "get a deposit - cop",
            "url": "{{cop}}/api/v1/finance/deposit/64500ceae6dac3bbc4a1ba3c",
            "method": "GET",
            "sortNum": 50000,
            "created": "2023-05-02T03:11:04.941Z",
            "modified": "2023-05-02T03:34:33.591Z",
            "headers": [],
            "params": [],
            "body": {
                "type": "json",
                "raw": "{\n  \"depositorId\":\"644d5e654dc8ba1fb0faaef8\",\n  \"depositAmount\":300,\n  \"collectorId\":\"644fcab1901e7680dad528da\",\n  \"collectionDate\":\"2023-05-10\"\n}",
                "form": []
            },
            "auth": {
                "type": "bearer",
                "bearer": "eyJhbGciOiJIUzI1NiIsInR5cCI6IkpXVCJ9.eyJlbWFpbCI6Im5pcmltb25AZ21haWwuY29tIiwicm9sZSI6ImFkbWluIiwibWVtYmVyQ29wSUQiOiJDT1AwMDFOSSIsInN0YXR1cyI6ImFjdGl2ZSIsImlhdCI6MTY4Mjk0OTMzNiwiZXhwIjoxNjgzMDM1NzM2fQ.prR3xMRtQSDB_fTdGnY5Jv-rME8sdeE2S6CnxvFq9l4"
            },
            "tests": []
        },
        {
            "_id": "968cb16e-85d9-478c-8a5f-5f85d756ead9",
            "colId": "d4cc0172-8a2c-40a7-842d-df27aaec6ee5",
            "containerId": "28934564-ac97-40f8-9123-09d32841c32a",
            "name": "get a withdraw - cop",
            "url": "{{cop}}/api/v1/finance/withdraw/64514c648a853921e7c05100",
            "method": "GET",
            "sortNum": 50000,
            "created": "2023-05-02T11:28:50.273Z",
            "modified": "2023-05-02T18:21:17.123Z",
            "headers": [],
            "params": [],
            "body": {
                "type": "json",
                "raw": "{\n  \"depositorId\":\"644d5e654dc8ba1fb0faaef8\",\n  \"depositAmount\":300,\n  \"collectorId\":\"644fcab1901e7680dad528da\",\n  \"collectionDate\":\"2023-05-10\"\n}",
                "form": []
            },
            "auth": {
                "type": "bearer",
                "bearer": "eyJhbGciOiJIUzI1NiIsInR5cCI6IkpXVCJ9.eyJlbWFpbCI6Im5pcmltb25AZ21haWwuY29tIiwicm9sZSI6ImFkbWluIiwibWVtYmVyQ29wSUQiOiJDT1AwMDFOSSIsInN0YXR1cyI6ImFjdGl2ZSIsImlhdCI6MTY4MzA0MTM1OCwiZXhwIjoxNjgzMTI3NzU4fQ.6xxNKEugwrLZID6Ai_QrjUHVe6YsagbapBym7nNIrto"
            },
            "tests": []
        },
        {
            "_id": "6efde253-9a40-4218-bc39-3f61c61c3f92",
            "colId": "d4cc0172-8a2c-40a7-842d-df27aaec6ee5",
            "containerId": "9186546e-8195-4262-b61d-d49146896ced",
            "name": "get a investment - cop",
            "url": "{{cop}}/api/v1/finance/investment/64554e554c95c51c3e506513",
            "method": "GET",
            "sortNum": 50000,
            "created": "2023-05-03T16:02:17.870Z",
            "modified": "2023-05-06T14:04:46.050Z",
            "headers": [],
            "params": [],
            "body": {
                "type": "json",
                "raw": "{\n  \"depositorId\":\"644d5e654dc8ba1fb0faaef8\",\n  \"depositAmount\":300,\n  \"collectorId\":\"644fcab1901e7680dad528da\",\n  \"collectionDate\":\"2023-05-10\"\n}",
                "form": []
            },
            "auth": {
                "type": "bearer",
                "bearer": "eyJhbGciOiJIUzI1NiIsInR5cCI6IkpXVCJ9.eyJlbWFpbCI6Im5pcmltb25AZ21haWwuY29tIiwicm9sZSI6ImFkbWluIiwibWVtYmVyQ29wSUQiOiJDT1AwMDFOSSIsInN0YXR1cyI6ImFjdGl2ZSIsImlhdCI6MTY4MzI5OTMyNSwiZXhwIjoxNjgzMzg1NzI1fQ.KejDvxq9YViFx_DZfpUDzGBp6E-T3ArUCj86_p3xWtA"
            },
            "tests": []
        },
        {
            "_id": "3610ccf1-ef62-4b09-b0d5-fa3ddfcc2f17",
            "colId": "d4cc0172-8a2c-40a7-842d-df27aaec6ee5",
            "containerId": "83504fb5-d7cc-4509-b06a-92c09f694284",
            "name": "get a expense - cop",
            "url": "{{cop}}/api/v1/finance/expense/64575e969c2dec2d8262738f",
            "method": "GET",
            "sortNum": 50000,
            "created": "2023-05-06T15:44:02.167Z",
            "modified": "2023-05-07T09:58:42.341Z",
            "headers": [],
            "params": [],
            "body": {
                "type": "json",
                "raw": "{\n  \"depositorId\":\"644d5e654dc8ba1fb0faaef8\",\n  \"depositAmount\":300,\n  \"collectorId\":\"644fcab1901e7680dad528da\",\n  \"collectionDate\":\"2023-05-10\"\n}",
                "form": []
            },
            "auth": {
                "type": "bearer",
                "bearer": "eyJhbGciOiJIUzI1NiIsInR5cCI6IkpXVCJ9.eyJlbWFpbCI6Im5pcmltb25AZ21haWwuY29tIiwicm9sZSI6ImFkbWluIiwibWVtYmVyQ29wSUQiOiJDT1AwMDFOSSIsInN0YXR1cyI6ImFjdGl2ZSIsImlhdCI6MTY4MzQ1MzAzNCwiZXhwIjoxNjgzNTM5NDM0fQ.bBzP3Tp4WdRTqqLUdBm8-k1Q3a2hvWWJrFPceiP3ySo"
            },
            "tests": []
        },
        {
            "_id": "e7219311-38ea-4fde-b45c-1a5ac4ef2330",
            "colId": "d4cc0172-8a2c-40a7-842d-df27aaec6ee5",
            "containerId": "e7c6457e-41c2-4beb-a857-8074bb4617dc",
            "name": "get a profit - cop",
            "url": "{{cop}}/api/v1/finance/profit/645bd6418ebbf15a18943385",
            "method": "GET",
            "sortNum": 50000,
            "created": "2023-05-09T10:53:39.888Z",
            "modified": "2023-05-10T19:22:25.919Z",
            "headers": [],
            "params": [],
            "body": {
                "type": "json",
                "raw": "{\n  \"depositorId\":\"644d5e654dc8ba1fb0faaef8\",\n  \"depositAmount\":300,\n  \"collectorId\":\"644fcab1901e7680dad528da\",\n  \"collectionDate\":\"2023-05-10\"\n}",
                "form": []
            },
            "auth": {
                "type": "bearer",
                "bearer": "eyJhbGciOiJIUzI1NiIsInR5cCI6IkpXVCJ9.eyJlbWFpbCI6Im5pcmltb25AZ21haWwuY29tIiwicm9sZSI6ImFkbWluIiwibWVtYmVyQ29wSUQiOiJDT1AwMDFOSSIsInN0YXR1cyI6ImFjdGl2ZSIsImlhdCI6MTY4MzczODEwMCwiZXhwIjoxNjgzODI0NTAwfQ.LwKIZYaUg9zDN9EpaG38AeKK-RzYwvVJGF0StYiMhPM"
            },
            "tests": []
        },
        {
            "_id": "ac360908-ffd9-4a7d-b51b-a08c90c40e15",
            "colId": "d4cc0172-8a2c-40a7-842d-df27aaec6ee5",
            "containerId": "947eefec-65ba-43e4-a952-c6cec12b0bc5",
            "name": "get an users - cop",
            "url": "{{cop}}/api/v1/users/6453a63629d1071d469ef474",
            "method": "GET",
            "sortNum": 60000,
            "created": "2023-05-01T12:15:35.674Z",
            "modified": "2023-05-04T12:36:16.447Z",
            "headers": [],
            "params": [],
            "auth": {
                "type": "bearer",
                "bearer": "eyJhbGciOiJIUzI1NiIsInR5cCI6IkpXVCJ9.eyJlbWFpbCI6Im5pcmltb25AZ21haWwuY29tIiwicm9sZSI6ImFkbWluIiwibWVtYmVyQ29wSUQiOiJDT1AwMDJOSSIsInN0YXR1cyI6ImFjdGl2ZSIsImlhdCI6MTY4MzIwMzYzOCwiZXhwIjoxNjgzMjkwMDM4fQ.VYbwpXp2a9H8y32gRPq5AZed_5Z-kKhiwsT4ozRuqRU"
            },
            "tests": []
        },
        {
            "_id": "f8f0b334-fa34-4087-b370-3a734efab71a",
            "colId": "d4cc0172-8a2c-40a7-842d-df27aaec6ee5",
            "containerId": "288fbc6b-e0dd-4195-840b-864677009a6e",
            "name": "get all deposit - cop",
            "url": "{{cop}}/api/v1/finance/deposit/all?",
            "method": "GET",
            "sortNum": 60000,
            "created": "2023-05-02T03:33:46.400Z",
            "modified": "2023-05-02T09:39:33.017Z",
            "headers": [],
            "params": [],
            "body": {
                "type": "json",
                "raw": "{\n  \"depositorId\":\"644d5e654dc8ba1fb0faaef8\",\n  \"depositAmount\":300,\n  \"collectorId\":\"644fcab1901e7680dad528da\",\n  \"collectionDate\":\"2023-05-10\"\n}",
                "form": []
            },
            "auth": {
                "type": "bearer",
                "bearer": "eyJhbGciOiJIUzI1NiIsInR5cCI6IkpXVCJ9.eyJlbWFpbCI6Im5pcmltb25AZ21haWwuY29tIiwicm9sZSI6ImFkbWluIiwibWVtYmVyQ29wSUQiOiJDT1AwMDFOSSIsInN0YXR1cyI6ImFjdGl2ZSIsImlhdCI6MTY4MzAyMDM1NSwiZXhwIjoxNjgzMTA2NzU1fQ.6mzG5bB5WNCPDuWWdl-bLoxNBubMX3_Dqsh9hM1cnLg"
            },
            "tests": []
        },
        {
            "_id": "cee9e138-2b19-4f38-8992-ce5edd89275c",
            "colId": "d4cc0172-8a2c-40a7-842d-df27aaec6ee5",
            "containerId": "28934564-ac97-40f8-9123-09d32841c32a",
            "name": "get all withdraw - cop",
            "url": "{{cop}}/api/v1/finance/withdraw/all?status=rejected",
            "method": "GET",
            "sortNum": 60000,
            "created": "2023-05-02T11:28:50.274Z",
            "modified": "2023-05-03T12:55:00.917Z",
            "headers": [],
            "params": [
                {
                    "name": "status",
                    "value": "rejected",
                    "isPath": false
                }
            ],
            "body": {
                "type": "json",
                "raw": "{\n  \"depositorId\":\"644d5e654dc8ba1fb0faaef8\",\n  \"depositAmount\":300,\n  \"collectorId\":\"644fcab1901e7680dad528da\",\n  \"collectionDate\":\"2023-05-10\"\n}",
                "form": []
            },
            "auth": {
                "type": "bearer",
                "bearer": "eyJhbGciOiJIUzI1NiIsInR5cCI6IkpXVCJ9.eyJlbWFpbCI6Im5pcmltb25AZ21haWwuY29tIiwicm9sZSI6ImFkbWluIiwibWVtYmVyQ29wSUQiOiJDT1AwMDFOSSIsInN0YXR1cyI6ImFjdGl2ZSIsImlhdCI6MTY4MzA0MTM1OCwiZXhwIjoxNjgzMTI3NzU4fQ.6xxNKEugwrLZID6Ai_QrjUHVe6YsagbapBym7nNIrto"
            },
            "tests": []
        },
        {
            "_id": "610a3969-a18b-4a50-aaa2-3eb3f4935ca6",
            "colId": "d4cc0172-8a2c-40a7-842d-df27aaec6ee5",
            "containerId": "9186546e-8195-4262-b61d-d49146896ced",
            "name": "get all investment - cop",
            "url": "{{cop}}/api/v1/finance/investment/all?",
            "method": "GET",
            "sortNum": 60000,
            "created": "2023-05-03T16:02:17.871Z",
            "modified": "2023-05-06T14:05:18.819Z",
            "headers": [],
            "params": [],
            "body": {
                "type": "json",
                "raw": "{\n  \"depositorId\":\"644d5e654dc8ba1fb0faaef8\",\n  \"depositAmount\":300,\n  \"collectorId\":\"644fcab1901e7680dad528da\",\n  \"collectionDate\":\"2023-05-10\"\n}",
                "form": []
            },
            "auth": {
                "type": "bearer",
                "bearer": "eyJhbGciOiJIUzI1NiIsInR5cCI6IkpXVCJ9.eyJlbWFpbCI6Im5pcmltb25AZ21haWwuY29tIiwicm9sZSI6ImFkbWluIiwibWVtYmVyQ29wSUQiOiJDT1AwMDFOSSIsInN0YXR1cyI6ImFjdGl2ZSIsImlhdCI6MTY4MzI5OTMyNSwiZXhwIjoxNjgzMzg1NzI1fQ.KejDvxq9YViFx_DZfpUDzGBp6E-T3ArUCj86_p3xWtA"
            },
            "tests": []
        },
        {
            "_id": "59aa167f-0054-473c-a355-efcf680fdf69",
            "colId": "d4cc0172-8a2c-40a7-842d-df27aaec6ee5",
            "containerId": "83504fb5-d7cc-4509-b06a-92c09f694284",
            "name": "get all expense - cop",
            "url": "{{cop}}/api/v1/finance/expense/all?",
            "method": "GET",
            "sortNum": 60000,
            "created": "2023-05-06T15:44:02.168Z",
            "modified": "2023-05-07T09:58:21.445Z",
            "headers": [],
            "params": [],
            "body": {
                "type": "json",
                "raw": "{\n  \"depositorId\":\"644d5e654dc8ba1fb0faaef8\",\n  \"depositAmount\":300,\n  \"collectorId\":\"644fcab1901e7680dad528da\",\n  \"collectionDate\":\"2023-05-10\"\n}",
                "form": []
            },
            "auth": {
                "type": "bearer",
                "bearer": "eyJhbGciOiJIUzI1NiIsInR5cCI6IkpXVCJ9.eyJlbWFpbCI6Im5pcmltb25AZ21haWwuY29tIiwicm9sZSI6ImFkbWluIiwibWVtYmVyQ29wSUQiOiJDT1AwMDFOSSIsInN0YXR1cyI6ImFjdGl2ZSIsImlhdCI6MTY4MzQ1MzAzNCwiZXhwIjoxNjgzNTM5NDM0fQ.bBzP3Tp4WdRTqqLUdBm8-k1Q3a2hvWWJrFPceiP3ySo"
            },
            "tests": []
        },
        {
            "_id": "4e2bbfad-7214-496a-b504-4dc62162327e",
            "colId": "d4cc0172-8a2c-40a7-842d-df27aaec6ee5",
            "containerId": "e7c6457e-41c2-4beb-a857-8074bb4617dc",
            "name": "get all profit - cop",
            "url": "{{cop}}/api/v1/finance/profit/all?",
            "method": "GET",
            "sortNum": 60000,
            "created": "2023-05-09T10:53:39.889Z",
            "modified": "2023-05-10T19:20:49.607Z",
            "headers": [],
            "params": [],
            "body": {
                "type": "json",
                "raw": "{\n  \"depositorId\":\"644d5e654dc8ba1fb0faaef8\",\n  \"depositAmount\":300,\n  \"collectorId\":\"644fcab1901e7680dad528da\",\n  \"collectionDate\":\"2023-05-10\"\n}",
                "form": []
            },
            "auth": {
                "type": "bearer",
                "bearer": "eyJhbGciOiJIUzI1NiIsInR5cCI6IkpXVCJ9.eyJlbWFpbCI6Im5pcmltb25AZ21haWwuY29tIiwicm9sZSI6ImFkbWluIiwibWVtYmVyQ29wSUQiOiJDT1AwMDFOSSIsInN0YXR1cyI6ImFjdGl2ZSIsImlhdCI6MTY4MzczODEwMCwiZXhwIjoxNjgzODI0NTAwfQ.LwKIZYaUg9zDN9EpaG38AeKK-RzYwvVJGF0StYiMhPM"
            },
            "tests": []
        },
        {
            "_id": "82532674-73be-4da2-b888-8727cb3a68f9",
            "colId": "d4cc0172-8a2c-40a7-842d-df27aaec6ee5",
            "containerId": "cbaf57b3-7f34-4703-b5f2-2c5eb88e28ec",
            "name": "deposit of organisation- cop",
            "url": "{{cop}}/api/v1/finance/account/deposit",
            "method": "GET",
            "sortNum": 65000,
            "created": "2023-05-06T10:46:15.651Z",
            "modified": "2023-05-11T10:13:11.431Z",
            "headers": [],
            "params": [],
            "body": {
                "type": "json",
                "raw": "{\n  \"depositorId\":\"644d5e654dc8ba1fb0faaef8\",\n  \"depositAmount\":300,\n  \"collectorId\":\"644fcab1901e7680dad528da\",\n  \"collectionDate\":\"2023-05-10\"\n}",
                "form": []
            },
            "auth": {
                "type": "bearer",
                "bearer": "eyJhbGciOiJIUzI1NiIsInR5cCI6IkpXVCJ9.eyJlbWFpbCI6Im5pcmltb25AZ21haWwuY29tIiwicm9sZSI6ImFkbWluIiwibWVtYmVyQ29wSUQiOiJDT1AwMDFOSSIsInN0YXR1cyI6ImFjdGl2ZSIsImlhdCI6MTY4MzczODEwMCwiZXhwIjoxNjgzODI0NTAwfQ.LwKIZYaUg9zDN9EpaG38AeKK-RzYwvVJGF0StYiMhPM"
            },
            "tests": []
        },
        {
            "_id": "8cfaab02-c575-4fd6-a367-46ecd9b9ba06",
            "colId": "d4cc0172-8a2c-40a7-842d-df27aaec6ee5",
            "containerId": "cbaf57b3-7f34-4703-b5f2-2c5eb88e28ec",
            "name": "withdraw of organisation- cop",
            "url": "{{cop}}/api/v1/finance/account/withdraw",
            "method": "GET",
            "sortNum": 67500,
            "created": "2023-05-06T10:57:22.523Z",
            "modified": "2023-05-11T10:14:32.696Z",
            "headers": [],
            "params": [],
            "body": {
                "type": "json",
                "raw": "{\n  \"depositorId\":\"644d5e654dc8ba1fb0faaef8\",\n  \"depositAmount\":300,\n  \"collectorId\":\"644fcab1901e7680dad528da\",\n  \"collectionDate\":\"2023-05-10\"\n}",
                "form": []
            },
            "auth": {
                "type": "bearer",
                "bearer": "eyJhbGciOiJIUzI1NiIsInR5cCI6IkpXVCJ9.eyJlbWFpbCI6Im5pcmltb25AZ21haWwuY29tIiwicm9sZSI6ImFkbWluIiwibWVtYmVyQ29wSUQiOiJDT1AwMDFOSSIsInN0YXR1cyI6ImFjdGl2ZSIsImlhdCI6MTY4MzczODEwMCwiZXhwIjoxNjgzODI0NTAwfQ.LwKIZYaUg9zDN9EpaG38AeKK-RzYwvVJGF0StYiMhPM"
            },
            "tests": []
        },
        {
            "_id": "e6626206-da8c-4353-97a1-e61106158298",
            "colId": "d4cc0172-8a2c-40a7-842d-df27aaec6ee5",
            "containerId": "cbaf57b3-7f34-4703-b5f2-2c5eb88e28ec",
            "name": "investment of organisation- cop",
            "url": "{{cop}}/api/v1/finance/account/investment",
            "method": "GET",
            "sortNum": 68750,
            "created": "2023-05-06T11:21:59.322Z",
            "modified": "2023-05-11T10:16:29.637Z",
            "headers": [],
            "params": [],
            "body": {
                "type": "json",
                "raw": "{\n  \"depositorId\":\"644d5e654dc8ba1fb0faaef8\",\n  \"depositAmount\":300,\n  \"collectorId\":\"644fcab1901e7680dad528da\",\n  \"collectionDate\":\"2023-05-10\"\n}",
                "form": []
            },
            "auth": {
                "type": "bearer",
                "bearer": "eyJhbGciOiJIUzI1NiIsInR5cCI6IkpXVCJ9.eyJlbWFpbCI6Im5pcmltb25AZ21haWwuY29tIiwicm9sZSI6ImFkbWluIiwibWVtYmVyQ29wSUQiOiJDT1AwMDFOSSIsInN0YXR1cyI6ImFjdGl2ZSIsImlhdCI6MTY4MzczODEwMCwiZXhwIjoxNjgzODI0NTAwfQ.LwKIZYaUg9zDN9EpaG38AeKK-RzYwvVJGF0StYiMhPM"
            },
            "tests": []
        },
        {
            "_id": "fa93f003-a37d-4b6d-b6fe-6cf51d297a43",
            "colId": "d4cc0172-8a2c-40a7-842d-df27aaec6ee5",
            "containerId": "947eefec-65ba-43e4-a952-c6cec12b0bc5",
            "name": "active an users - cop",
            "url": "{{cop}}/api/v1/users/active/6453a63629d1071d469ef474",
            "method": "POST",
            "sortNum": 70000,
            "created": "2023-05-01T12:15:35.675Z",
            "modified": "2023-05-04T13:32:19.752Z",
            "headers": [],
            "params": [],
            "auth": {
                "type": "bearer",
                "bearer": "eyJhbGciOiJIUzI1NiIsInR5cCI6IkpXVCJ9.eyJlbWFpbCI6Im5pcmltb25AZ21haWwuY29tIiwicm9sZSI6ImFkbWluIiwibWVtYmVyQ29wSUQiOiJDT1AwMDJOSSIsInN0YXR1cyI6ImFjdGl2ZSIsImlhdCI6MTY4MzIwMzYzOCwiZXhwIjoxNjgzMjkwMDM4fQ.VYbwpXp2a9H8y32gRPq5AZed_5Z-kKhiwsT4ozRuqRU"
            },
            "tests": []
        },
        {
            "_id": "9fa5cd9c-e0b5-4a90-b3bd-cd106a210e9d",
            "colId": "d4cc0172-8a2c-40a7-842d-df27aaec6ee5",
            "containerId": "288fbc6b-e0dd-4195-840b-864677009a6e",
            "name": "delete a deposit - cop",
            "url": "{{cop}}/api/v1/finance/deposit/6450832469315988fc9ad984",
            "method": "DELETE",
            "sortNum": 70000,
            "created": "2023-05-02T10:15:51.549Z",
            "modified": "2023-05-02T11:27:45.665Z",
            "headers": [],
            "params": [],
            "body": {
                "type": "json",
                "raw": "{\n  \"depositorId\":\"644d5e654dc8ba1fb0faaef8\",\n  \"depositAmount\":300,\n  \"collectorId\":\"644fcab1901e7680dad528da\",\n  \"collectionDate\":\"2023-05-10\"\n}",
                "form": []
            },
            "auth": {
                "type": "bearer",
                "bearer": "eyJhbGciOiJIUzI1NiIsInR5cCI6IkpXVCJ9.eyJlbWFpbCI6Im5pcmltb25AZ21haWwuY29tIiwicm9sZSI6ImFkbWluIiwibWVtYmVyQ29wSUQiOiJDT1AwMDFOSSIsInN0YXR1cyI6ImFjdGl2ZSIsImlhdCI6MTY4MzAyMDM1NSwiZXhwIjoxNjgzMTA2NzU1fQ.6mzG5bB5WNCPDuWWdl-bLoxNBubMX3_Dqsh9hM1cnLg"
            },
            "tests": []
        },
        {
            "_id": "f0d0478b-6763-4f32-923c-21c0777b63f0",
            "colId": "d4cc0172-8a2c-40a7-842d-df27aaec6ee5",
            "containerId": "28934564-ac97-40f8-9123-09d32841c32a",
            "name": "delete a withdraw - cop",
            "url": "{{cop}}/api/v1/finance/withdraw/6455300cf62d74ca7f5f2b3b",
            "method": "DELETE",
            "sortNum": 70000,
            "created": "2023-05-02T11:28:50.275Z",
            "modified": "2023-05-05T16:35:02.480Z",
            "headers": [],
            "params": [],
            "body": {
                "type": "json",
                "raw": "{\n  \"depositorId\":\"644d5e654dc8ba1fb0faaef8\",\n  \"depositAmount\":300,\n  \"collectorId\":\"644fcab1901e7680dad528da\",\n  \"collectionDate\":\"2023-05-10\"\n}",
                "form": []
            },
            "auth": {
                "type": "bearer",
                "bearer": "eyJhbGciOiJIUzI1NiIsInR5cCI6IkpXVCJ9.eyJlbWFpbCI6Im5pcmltb25AZ21haWwuY29tIiwicm9sZSI6ImFkbWluIiwibWVtYmVyQ29wSUQiOiJDT1AwMDFOSSIsInN0YXR1cyI6ImFjdGl2ZSIsImlhdCI6MTY4MzI5OTMyNSwiZXhwIjoxNjgzMzg1NzI1fQ.KejDvxq9YViFx_DZfpUDzGBp6E-T3ArUCj86_p3xWtA"
            },
            "tests": []
        },
        {
            "_id": "d03fb7b0-6a8b-4d84-b548-8640be3edea8",
            "colId": "d4cc0172-8a2c-40a7-842d-df27aaec6ee5",
            "containerId": "9186546e-8195-4262-b61d-d49146896ced",
            "name": "delete a investment - cop",
            "url": "{{cop}}/api/v1/finance/investment/645cde276a994acfbe57948b",
            "method": "DELETE",
            "sortNum": 70000,
            "created": "2023-05-03T16:02:17.872Z",
            "modified": "2023-05-11T14:41:42.750Z",
            "headers": [],
            "params": [],
            "body": {
                "type": "json",
                "raw": "{\n  \"depositorId\":\"644d5e654dc8ba1fb0faaef8\",\n  \"depositAmount\":300,\n  \"collectorId\":\"644fcab1901e7680dad528da\",\n  \"collectionDate\":\"2022-05-10\"\n}",
                "form": []
            },
            "auth": {
                "type": "bearer",
                "bearer": "eyJhbGciOiJIUzI1NiIsInR5cCI6IkpXVCJ9.eyJlbWFpbCI6Im5pcmltb25AZ21haWwuY29tIiwicm9sZSI6ImFkbWluIiwibWVtYmVyQ29wSUQiOiJDT1AwMDFOSSIsInN0YXR1cyI6ImFjdGl2ZSIsImlhdCI6MTY4MzczODEwMCwiZXhwIjoxNjgzODI0NTAwfQ.LwKIZYaUg9zDN9EpaG38AeKK-RzYwvVJGF0StYiMhPM"
            },
            "tests": []
        },
        {
            "_id": "c15f2361-0747-414c-b1ba-193295553392",
            "colId": "d4cc0172-8a2c-40a7-842d-df27aaec6ee5",
            "containerId": "de049c20-2118-44ee-982e-c73522466e17",
            "name": "member's deposit- cop",
            "url": "{{cop}}/api/v1/members/finance/deposit/645f1e235fad08e02612809e",
            "method": "GET",
            "sortNum": 70000,
            "created": "2023-05-06T10:19:34.418Z",
            "modified": "2023-05-13T05:41:14.908Z",
            "headers": [],
            "params": [],
            "body": {
                "type": "json",
                "raw": "{\n  \"depositorId\":\"644d5e654dc8ba1fb0faaef8\",\n  \"depositAmount\":300,\n  \"collectorId\":\"644fcab1901e7680dad528da\",\n  \"collectionDate\":\"2023-05-10\"\n}",
                "form": []
            },
            "auth": {
                "type": "bearer",
                "bearer": "eyJhbGciOiJIUzI1NiIsInR5cCI6IkpXVCJ9.eyJlbWFpbCI6Im5pcmltb25AZ21haWwuY29tIiwicm9sZSI6ImFkbWluIiwibWVtYmVyQ29wSUQiOiJDT1AwMDFOSSIsInN0YXR1cyI6ImFjdGl2ZSIsImlhdCI6MTY4Mzk1NTMwMCwiZXhwIjoxNjg0MDQxNzAwfQ.fwugBU24UQle2LWCk2UmXPfJJ0hyLTEoLOi8yvBjq1U"
            },
            "tests": []
        },
        {
            "_id": "0de0c03d-54e2-4d91-9c1f-461733a85420",
            "colId": "d4cc0172-8a2c-40a7-842d-df27aaec6ee5",
            "containerId": "83504fb5-d7cc-4509-b06a-92c09f694284",
            "name": "delete a expense - cop",
            "url": "{{cop}}/api/v1/finance/expense/64575a339c2dec2d826272d1",
            "method": "DELETE",
            "sortNum": 70000,
            "created": "2023-05-06T15:44:02.169Z",
            "modified": "2023-05-07T09:55:56.619Z",
            "headers": [],
            "params": [],
            "body": {
                "type": "json",
                "raw": "{\n  \"depositorId\":\"644d5e654dc8ba1fb0faaef8\",\n  \"depositAmount\":300,\n  \"collectorId\":\"644fcab1901e7680dad528da\",\n  \"collectionDate\":\"2023-05-10\"\n}",
                "form": []
            },
            "auth": {
                "type": "bearer",
                "bearer": "eyJhbGciOiJIUzI1NiIsInR5cCI6IkpXVCJ9.eyJlbWFpbCI6Im5pcmltb25AZ21haWwuY29tIiwicm9sZSI6ImFkbWluIiwibWVtYmVyQ29wSUQiOiJDT1AwMDFOSSIsInN0YXR1cyI6ImFjdGl2ZSIsImlhdCI6MTY4MzQ1MzAzNCwiZXhwIjoxNjgzNTM5NDM0fQ.bBzP3Tp4WdRTqqLUdBm8-k1Q3a2hvWWJrFPceiP3ySo"
            },
            "tests": []
        },
        {
            "_id": "672d0f29-3667-46d0-a5c6-01f72e74dfc7",
            "colId": "d4cc0172-8a2c-40a7-842d-df27aaec6ee5",
            "containerId": "e7c6457e-41c2-4beb-a857-8074bb4617dc",
            "name": "delete a profit - cop",
            "url": "{{cop}}/api/v1/finance/profit/645ca811a6a2f4dbfbc908e9",
            "method": "DELETE",
            "sortNum": 70000,
            "created": "2023-05-09T10:53:39.890Z",
            "modified": "2023-05-11T08:47:54.068Z",
            "headers": [],
            "params": [],
            "body": {
                "type": "json",
                "raw": "{\n  \"depositorId\":\"644d5e654dc8ba1fb0faaef8\",\n  \"depositAmount\":300,\n  \"collectorId\":\"644fcab1901e7680dad528da\",\n  \"collectionDate\":\"2023-05-10\"\n}",
                "form": []
            },
            "auth": {
                "type": "bearer",
                "bearer": "eyJhbGciOiJIUzI1NiIsInR5cCI6IkpXVCJ9.eyJlbWFpbCI6Im5pcmltb25AZ21haWwuY29tIiwicm9sZSI6ImFkbWluIiwibWVtYmVyQ29wSUQiOiJDT1AwMDFOSSIsInN0YXR1cyI6ImFjdGl2ZSIsImlhdCI6MTY4MzczODEwMCwiZXhwIjoxNjgzODI0NTAwfQ.LwKIZYaUg9zDN9EpaG38AeKK-RzYwvVJGF0StYiMhPM"
            },
            "tests": []
        },
        {
            "_id": "6100e4aa-f1d7-4826-ae13-32f4bdc784c4",
            "colId": "d4cc0172-8a2c-40a7-842d-df27aaec6ee5",
            "containerId": "cbaf57b3-7f34-4703-b5f2-2c5eb88e28ec",
            "name": "expense of organisation- cop",
            "url": "{{cop}}/api/v1/finance/account/expense",
            "method": "GET",
            "sortNum": 73750,
            "created": "2023-05-07T10:53:05.026Z",
            "modified": "2023-05-11T10:17:03.894Z",
            "headers": [],
            "params": [],
            "body": {
                "type": "json",
                "raw": "{\n  \"depositorId\":\"644d5e654dc8ba1fb0faaef8\",\n  \"depositAmount\":300,\n  \"collectorId\":\"644fcab1901e7680dad528da\",\n  \"collectionDate\":\"2023-05-10\"\n}",
                "form": []
            },
            "auth": {
                "type": "bearer",
                "bearer": "eyJhbGciOiJIUzI1NiIsInR5cCI6IkpXVCJ9.eyJlbWFpbCI6Im5pcmltb25AZ21haWwuY29tIiwicm9sZSI6ImFkbWluIiwibWVtYmVyQ29wSUQiOiJDT1AwMDFOSSIsInN0YXR1cyI6ImFjdGl2ZSIsImlhdCI6MTY4MzczODEwMCwiZXhwIjoxNjgzODI0NTAwfQ.LwKIZYaUg9zDN9EpaG38AeKK-RzYwvVJGF0StYiMhPM"
            },
            "tests": []
        },
        {
            "_id": "f656d984-cadf-482b-8c9f-3977bcb6b3fb",
            "colId": "d4cc0172-8a2c-40a7-842d-df27aaec6ee5",
            "containerId": "de049c20-2118-44ee-982e-c73522466e17",
            "name": "member's withdraw- cop",
            "url": "{{cop}}/api/v1/members/finance/withdraw/6453b5958a5dba562bf827b3",
            "method": "GET",
            "sortNum": 75000,
            "created": "2023-05-06T10:22:51.402Z",
            "modified": "2023-05-11T10:03:49.302Z",
            "headers": [],
            "params": [],
            "body": {
                "type": "json",
                "raw": "{\n  \"depositorId\":\"644d5e654dc8ba1fb0faaef8\",\n  \"depositAmount\":300,\n  \"collectorId\":\"644fcab1901e7680dad528da\",\n  \"collectionDate\":\"2023-05-10\"\n}",
                "form": []
            },
            "auth": {
                "type": "bearer",
                "bearer": "eyJhbGciOiJIUzI1NiIsInR5cCI6IkpXVCJ9.eyJlbWFpbCI6Im5pcmltb25AZ21haWwuY29tIiwicm9sZSI6ImFkbWluIiwibWVtYmVyQ29wSUQiOiJDT1AwMDFOSSIsInN0YXR1cyI6ImFjdGl2ZSIsImlhdCI6MTY4MzczODEwMCwiZXhwIjoxNjgzODI0NTAwfQ.LwKIZYaUg9zDN9EpaG38AeKK-RzYwvVJGF0StYiMhPM"
            },
            "tests": []
        },
        {
            "_id": "eff1a3dc-82fd-4dfb-b1bb-48bf97c80b04",
            "colId": "d4cc0172-8a2c-40a7-842d-df27aaec6ee5",
            "containerId": "cbaf57b3-7f34-4703-b5f2-2c5eb88e28ec",
            "name": "profit of organisation- cop",
            "url": "{{cop}}/api/v1/finance/account/profit",
            "method": "GET",
            "sortNum": 76250,
            "created": "2023-05-11T08:50:03.330Z",
            "modified": "2023-05-11T08:54:55.853Z",
            "headers": [],
            "params": [],
            "body": {
                "type": "json",
                "raw": "{\n  \"depositorId\":\"644d5e654dc8ba1fb0faaef8\",\n  \"depositAmount\":300,\n  \"collectorId\":\"644fcab1901e7680dad528da\",\n  \"collectionDate\":\"2023-05-10\"\n}",
                "form": []
            },
            "auth": {
                "type": "bearer",
                "bearer": "eyJhbGciOiJIUzI1NiIsInR5cCI6IkpXVCJ9.eyJlbWFpbCI6Im5pcmltb25AZ21haWwuY29tIiwicm9sZSI6ImFkbWluIiwibWVtYmVyQ29wSUQiOiJDT1AwMDFOSSIsInN0YXR1cyI6ImFjdGl2ZSIsImlhdCI6MTY4MzczODEwMCwiZXhwIjoxNjgzODI0NTAwfQ.LwKIZYaUg9zDN9EpaG38AeKK-RzYwvVJGF0StYiMhPM"
            },
            "tests": []
        },
        {
            "_id": "7a20e1d3-64fb-42b7-a01d-a0fc64205238",
            "colId": "d4cc0172-8a2c-40a7-842d-df27aaec6ee5",
            "containerId": "cbaf57b3-7f34-4703-b5f2-2c5eb88e28ec",
            "name": "balance of organisation- cop",
            "url": "{{cop}}/api/v1/finance/account/balance",
            "method": "GET",
            "sortNum": 78750,
            "created": "2023-05-05T19:02:50.558Z",
            "modified": "2023-05-13T06:24:05.637Z",
            "headers": [],
            "params": [],
            "body": {
                "type": "json",
                "raw": "{\n  \"depositorId\":\"644d5e654dc8ba1fb0faaef8\",\n  \"depositAmount\":300,\n  \"collectorId\":\"644fcab1901e7680dad528da\",\n  \"collectionDate\":\"2023-05-10\"\n}",
                "form": []
            },
            "auth": {
                "type": "bearer",
                "bearer": "eyJhbGciOiJIUzI1NiIsInR5cCI6IkpXVCJ9.eyJlbWFpbCI6Im5pcmltb25AZ21haWwuY29tIiwicm9sZSI6ImFkbWluIiwibWVtYmVyQ29wSUQiOiJDT1AwMDFOSSIsInN0YXR1cyI6ImFjdGl2ZSIsImlhdCI6MTY4Mzk1NTMwMCwiZXhwIjoxNjg0MDQxNzAwfQ.fwugBU24UQle2LWCk2UmXPfJJ0hyLTEoLOi8yvBjq1U"
            },
            "tests": []
        },
        {
            "_id": "26234394-b620-4de8-b156-e45339da0634",
            "colId": "d4cc0172-8a2c-40a7-842d-df27aaec6ee5",
            "containerId": "947eefec-65ba-43e4-a952-c6cec12b0bc5",
            "name": "delete an users - cop",
            "url": "{{cop}}/api/v1/users/6453b469a8e3648215375e3d",
            "method": "DELETE",
            "sortNum": 80000,
            "created": "2023-05-01T12:15:35.676Z",
            "modified": "2023-05-04T13:38:14.828Z",
            "headers": [],
            "params": [],
            "auth": {
                "type": "bearer",
                "bearer": "eyJhbGciOiJIUzI1NiIsInR5cCI6IkpXVCJ9.eyJlbWFpbCI6Im5pcmltb25AZ21haWwuY29tIiwicm9sZSI6ImFkbWluIiwibWVtYmVyQ29wSUQiOiJDT1AwMDFOSSIsInN0YXR1cyI6ImFjdGl2ZSIsImlhdCI6MTY4MzIwNzQwMCwiZXhwIjoxNjgzMjkzODAwfQ.WqD2nup2IFcIGHbiP3oH4VW4VBCDm-NBJ_Gr_RwlXxk"
            },
            "tests": []
        },
        {
            "_id": "3c83a843-b83f-46f4-85c0-7697ef4fdd13",
            "colId": "d4cc0172-8a2c-40a7-842d-df27aaec6ee5",
            "containerId": "de049c20-2118-44ee-982e-c73522466e17",
            "name": "member's investment- cop",
            "url": "{{cop}}/api/v1/members/finance/investment/6453b5b28a5dba562bf827bb",
            "method": "GET",
            "sortNum": 80000,
            "created": "2023-05-06T10:25:33.690Z",
            "modified": "2023-05-11T11:42:40.732Z",
            "headers": [],
            "params": [],
            "body": {
                "type": "json",
                "raw": "{\n  \"depositorId\":\"644d5e654dc8ba1fb0faaef8\",\n  \"depositAmount\":300,\n  \"collectorId\":\"644fcab1901e7680dad528da\",\n  \"collectionDate\":\"2023-05-10\"\n}",
                "form": []
            },
            "auth": {
                "type": "bearer",
                "bearer": "eyJhbGciOiJIUzI1NiIsInR5cCI6IkpXVCJ9.eyJlbWFpbCI6Im5pcmltb25AZ21haWwuY29tIiwicm9sZSI6ImFkbWluIiwibWVtYmVyQ29wSUQiOiJDT1AwMDFOSSIsInN0YXR1cyI6ImFjdGl2ZSIsImlhdCI6MTY4MzczODEwMCwiZXhwIjoxNjgzODI0NTAwfQ.LwKIZYaUg9zDN9EpaG38AeKK-RzYwvVJGF0StYiMhPM"
            },
            "tests": []
        },
        {
            "_id": "bf53164c-0b11-4bd6-8822-7fd22c5905b0",
            "colId": "d4cc0172-8a2c-40a7-842d-df27aaec6ee5",
            "containerId": "de049c20-2118-44ee-982e-c73522466e17",
            "name": "member's expense- cop",
            "url": "{{cop}}/api/v1/members/finance/expense/64575ba19c2dec2d826272e7",
            "method": "GET",
            "sortNum": 100000,
            "created": "2023-05-07T10:23:38.209Z",
            "modified": "2023-05-11T10:10:55.306Z",
            "headers": [],
            "params": [],
            "body": {
                "type": "json",
                "raw": "{\n  \"depositorId\":\"644d5e654dc8ba1fb0faaef8\",\n  \"depositAmount\":300,\n  \"collectorId\":\"644fcab1901e7680dad528da\",\n  \"collectionDate\":\"2023-05-10\"\n}",
                "form": []
            },
            "auth": {
                "type": "bearer",
                "bearer": "eyJhbGciOiJIUzI1NiIsInR5cCI6IkpXVCJ9.eyJlbWFpbCI6Im5pcmltb25AZ21haWwuY29tIiwicm9sZSI6ImFkbWluIiwibWVtYmVyQ29wSUQiOiJDT1AwMDFOSSIsInN0YXR1cyI6ImFjdGl2ZSIsImlhdCI6MTY4MzczODEwMCwiZXhwIjoxNjgzODI0NTAwfQ.LwKIZYaUg9zDN9EpaG38AeKK-RzYwvVJGF0StYiMhPM"
            },
            "tests": []
        },
        {
            "_id": "01a40242-398b-4605-aca8-0329f38afb23",
            "colId": "d4cc0172-8a2c-40a7-842d-df27aaec6ee5",
            "containerId": "de049c20-2118-44ee-982e-c73522466e17",
            "name": "member's profit- cop",
            "url": "{{cop}}/api/v1/members/finance/profit/64575ba19c2dec2d826272e7",
            "method": "GET",
            "sortNum": 110000,
            "created": "2023-05-11T08:49:19.388Z",
            "modified": "2023-05-11T09:00:32.566Z",
            "headers": [],
            "params": [],
            "body": {
                "type": "json",
                "raw": "{\n  \"depositorId\":\"644d5e654dc8ba1fb0faaef8\",\n  \"depositAmount\":300,\n  \"collectorId\":\"644fcab1901e7680dad528da\",\n  \"collectionDate\":\"2023-05-10\"\n}",
                "form": []
            },
            "auth": {
                "type": "bearer",
                "bearer": "eyJhbGciOiJIUzI1NiIsInR5cCI6IkpXVCJ9.eyJlbWFpbCI6Im5pcmltb25AZ21haWwuY29tIiwicm9sZSI6ImFkbWluIiwibWVtYmVyQ29wSUQiOiJDT1AwMDFOSSIsInN0YXR1cyI6ImFjdGl2ZSIsImlhdCI6MTY4MzczODEwMCwiZXhwIjoxNjgzODI0NTAwfQ.LwKIZYaUg9zDN9EpaG38AeKK-RzYwvVJGF0StYiMhPM"
            },
            "tests": []
        },
        {
            "_id": "1910afe1-e2f7-45eb-bd20-c16839dbad1b",
            "colId": "d4cc0172-8a2c-40a7-842d-df27aaec6ee5",
            "containerId": "de049c20-2118-44ee-982e-c73522466e17",
            "name": "member's balance- cop",
            "url": "{{cop}}/api/v1/members/finance/balance/645f1e235fad08e02612809e",
            "method": "GET",
            "sortNum": 120000,
            "created": "2023-05-05T19:02:50.557Z",
            "modified": "2023-05-13T06:23:37.180Z",
            "headers": [],
            "params": [],
            "body": {
                "type": "json",
                "raw": "{\n  \"depositorId\":\"644d5e654dc8ba1fb0faaef8\",\n  \"depositAmount\":300,\n  \"collectorId\":\"644fcab1901e7680dad528da\",\n  \"collectionDate\":\"2023-05-10\"\n}",
                "form": []
            },
            "auth": {
                "type": "bearer",
                "bearer": "eyJhbGciOiJIUzI1NiIsInR5cCI6IkpXVCJ9.eyJlbWFpbCI6Im5pcmltb25AZ21haWwuY29tIiwicm9sZSI6ImFkbWluIiwibWVtYmVyQ29wSUQiOiJDT1AwMDFOSSIsInN0YXR1cyI6ImFjdGl2ZSIsImlhdCI6MTY4Mzk1NTMwMCwiZXhwIjoxNjg0MDQxNzAwfQ.fwugBU24UQle2LWCk2UmXPfJJ0hyLTEoLOi8yvBjq1U"
            },
            "tests": []
        }
    ]
}
